file,line,section,subsection,subsubsection,class,rationale,source_text
main,86,,,,C,"Absolute pressure, force, energy, mass, stress, or impedance amplitude scales with the coefficient.",\newcommand{\rhoF}{{\rho_{\!f}}}
main,214,Author's Origin Note: From Impedance and Resonance to Vorticity,,,C,"Absolute pressure, force, energy, mass, stress, or impedance amplitude scales with the coefficient.","current symbols $\Gamma_0$, $\rhoF$, and $\rc$ were the original ontological"
main,1221,Formal Foundations,Primitive Structure of the Theory,,C,"Absolute pressure, force, energy, mass, stress, or impedance amplitude scales with the coefficient.","\mathcal{P}_{\mathrm{cal}} = \{ \rhoF, \vchar, \omega_c \}"
main,1226,Formal Foundations,Primitive Structure of the Theory,,C,"Absolute pressure, force, energy, mass, stress, or impedance amplitude scales with the coefficient.","\item $\rhoF\equiv\rhoEff$ is the calibrated quasi-static effective inertial-response density of the selected collective SST sector,"
main,1243,Formal Foundations,Primitive Structure of the Theory,,X,"Historical, legacy-reference, or invalid-provenance use; not a physical pin.","\textbf{[CALIBRATED / PROVENANCE GUARD]}: Within $\mathcal{P}_{\mathrm{cal}}$, the members $\vchar$ and $\omega_c$ are pinned by CODATA constants through $\vchar=\alpha c/2$ and $\omega_c=m_ec^2/\hbar$, whereas $\rhoF\equiv\rhoEff=7.0\times10^{-7}\,\mathrm{kg\,m^{-3}}$ is retained at \emph{two significant figures} with no canon-level derivation and, at present, no explicitly stated independent calibration observable. The quoted value is a point calibration with unresolved systematic uncertainty; two-significant-figure notation is not a statistical confidence interval. The historical VAM expression from which the decimal value was inherited has dimensions $\mathrm{kg\,m^{-1}}$, not $\mathrm{kg\,m^{-3}}$, and is therefore registered as a rotational-microinertia coefficient rather than as a derivation of $\rhoF$; see Subsection~\ref{subsec:rt_historical_rhof_provenance_audit}. Candidate reduction routes, e.g.\ the research-track cosmological impedance lift $\rhoF=\chi_\Lambda(\rc/\ell_P)\rho_\Lambda$ with $\chi_\Lambda\simeq1.37$ and $\rho_\Lambda=\Lambda c^2/(8\pi G)$, are not canon derivations. In particular, the smaller central-value residual of the present-epoch choice $\chi_\Lambda=2\Omega_{\Lambda,0}$ has no promotion force without an epoch-invariant mechanism and a covariance-aware uncertainty model; see Section~\ref{sec:rt_rhof_cosmological_impedance_route} and Subsection~\ref{subsec:ssdl_monopole_dtn}. Every quantity linear in $\rhoF$ (the swirl energy density $\rhoE$, the mass-equivalent density $\rhoM$, the Pauli-barrier benchmark, and dark-sector pressure amplitudes) inherits the unresolved relative uncertainty of $\rhoF$, and no claim requiring $\rhoF$ at better than the stated calibration precision may be promoted."
main,1245,Formal Foundations,Primitive Structure of the Theory,,X,"Historical, legacy-reference, or invalid-provenance use; not a physical pin.","\textbf{[DEPENDENCY GUARD]}: In the present primitive architecture, $\rhoF$, $\vchar$, and $\omega_c$ are independent calibration entries. Therefore uncertainty or hypothetical epoch dependence assigned to $\rhoF$ propagates into $\rhoE$, $\rhoM$, pressure amplitudes, and other explicitly $\rhoF$-dependent quantities, but it does \emph{not} by itself shift $\vchar$, $\omega_c$, $\rc=\vchar/\omega_c$, or the Compton closure chain. Such propagation would require an additional constitutive relation and must be labeled separately. A future edition must either state the explicit calibration target that fixes $\rhoF$ or demote $\rhoF$ to an interval-valued effective parameter."
main,1274,Formal Foundations,Density Ontology and Backward-Compatible Symbol Rule,,C,"Absolute pressure, force, energy, mass, stress, or impedance amplitude scales with the coefficient.",\boxed{\rhoF\equiv\rhoEff}
main,1278,Formal Foundations,Density Ontology and Backward-Compatible Symbol Rule,,C,"Absolute pressure, force, energy, mass, stress, or impedance amplitude scales with the coefficient.","$\rhoSub=\rhoF$, $\Jomega=\muell$, or"
main,1279,Formal Foundations,Density Ontology and Backward-Compatible Symbol Rule,,C,"Absolute pressure, force, energy, mass, stress, or impedance amplitude scales with the coefficient.",$\Jomega=\rhoF\ell^2$ is canonical unless an explicit microscopic or
main,1304,Formal Foundations,Density Ontology and Backward-Compatible Symbol Rule,,C,"Absolute pressure, force, energy, mass, stress, or impedance amplitude scales with the coefficient.",Writing $\tfrac12\rhoF|\boldsymbol\omega|^2$ without an independently
main,1319,Formal Foundations,Density Ontology and Backward-Compatible Symbol Rule,,C,"Absolute pressure, force, energy, mass, stress, or impedance amplitude scales with the coefficient.",The calibrated $\rhoF$ instead belongs to the long-wavelength effective
main,1331,Formal Foundations,Density Ontology and Backward-Compatible Symbol Rule,,C,"Absolute pressure, force, energy, mass, stress, or impedance amplitude scales with the coefficient.",\rhoF\equiv\rhoEff
main,1343,Formal Foundations,Density Ontology and Backward-Compatible Symbol Rule,,C,"Absolute pressure, force, energy, mass, stress, or impedance amplitude scales with the coefficient.",numerical value.  The scalar $\rhoF$ must not be extrapolated to core
main,1353,Formal Foundations,Density Ontology and Backward-Compatible Symbol Rule,,C,"Absolute pressure, force, energy, mass, stress, or impedance amplitude scales with the coefficient.",$r_c$ normalization and the calibrated $\rhoF$; see
main,1419,Formal Foundations,Circulation Quantization,,Q,Absolute quantum/action or fluctuation normalization may depend on the coefficient.,"\textbf{[DERIVED within the calibrated chain]}: In SST, $\Gamma_0$ is no longer an independent input but follows from Eq.~\ref{eq:rc_definition}. Since $\rc$ itself carries the [CALIBRATED CHAIN GUARD] of Subsection~\ref{subsec:derived_horn_circulation_radius}, this derived status is relative to the calibrated primitive set $(\rhoF,\vchar,\omega_c)$; it must not be cited as an independent hydrodynamic derivation of the circulation quantum."
main,1705,Formal Foundations,Density and Inertia Hierarchy,,C,"Absolute pressure, force, energy, mass, stress, or impedance amplitude scales with the coefficient.",\rhoF\equiv\rhoEff
main,1709,Formal Foundations,Density and Inertia Hierarchy,,C,"Absolute pressure, force, energy, mass, stress, or impedance amplitude scales with the coefficient.","&= \tfrac12 \rhoF \, \vchar{}^2"
main,1728,Formal Foundations,Density and Inertia Hierarchy,,C,"Absolute pressure, force, energy, mass, stress, or impedance amplitude scales with the coefficient.","\textbf{[CANON / NON-IDENTIFICATION]}: Numerical or dimensional agreement between two entries does not identify their physical roles. In particular, $\rhoSub$, $\rhoF$, $\Jomega$, $\muell$, and $\rhohorn$ remain distinct unless a separately labeled constitutive theorem relates them."
main,1799,Formal Foundations,Reparametrized Zero-Parameter Corollary,,C,"Absolute pressure, force, energy, mass, stress, or impedance amplitude scales with the coefficient.","Older SST canon layers often used the triplet $(\Gamma_0,\rhoF,\rc)$ as the primitive parameterization. In the present \canonversion{} architecture, Eq.~\eqref{eq:rc_definition} and Eq.~\eqref{eq:gamma0} show that this is a reparameterization of the present primitive calibration set $(\rhoF,\vchar,\omega_c)$ rather than a distinct axiom."
main,1809,Formal Foundations,Reparametrized Zero-Parameter Corollary,,C,"Absolute pressure, force, energy, mass, stress, or impedance amplitude scales with the coefficient.","Hence any dimensional SST quantity written in terms of $(\Gamma_0,\rhoF,\rc)$ can be rewritten in terms of $(\rhoF,\vchar,\omega_c)$ with no new calibration input."
main,1814,Formal Foundations,Reparametrized Zero-Parameter Corollary,,C,"Absolute pressure, force, energy, mass, stress, or impedance amplitude scales with the coefficient.","\rhoF = K\,\Omega,"
main,1836,Formal Foundations,Canonical Master Equation,,C,"Absolute pressure, force, energy, mass, stress, or impedance amplitude scales with the coefficient.","\rhoE(x,t) &= \frac{1}{2}\rhoF\,\norm{\uswirl(x,t)}^2 \\"
main,1843,Formal Foundations,Canonical Master Equation,,C,"Absolute pressure, force, energy, mass, stress, or impedance amplitude scales with the coefficient.",$\rhoF\equiv\rhoEff$ is the calibrated quasi-static response coefficient.
main,1846,Formal Foundations,Canonical Master Equation,,C,"Absolute pressure, force, energy, mass, stress, or impedance amplitude scales with the coefficient.",It must not be represented by silently promoting $\rhoF$ to a local
main,1907,Formal Foundations,Canonical Master Equation,,C,"Absolute pressure, force, energy, mass, stress, or impedance amplitude scales with the coefficient.","&= \left( \frac{\rhoF\,\norm{\uswirl(x,t)}^2}{2c^2} \right)"
main,1923,Formal Foundations,Canonical Master Equation,,C,"Absolute pressure, force, energy, mass, stress, or impedance amplitude scales with the coefficient.","\left[ \frac{\rhoF\,\norm{\uswirl}^2}{c^2} \rc^3 \right] = \mathrm{kg}"
main,1961,Formal Foundations,Summary of Dependency Structure,,C,"Absolute pressure, force, energy, mass, stress, or impedance amplitude scales with the coefficient.","(\rhoF, \vchar, \omega_c)"
main,1995,Formal Foundations,Maximal Swirl Tension,Definition and canonical form,C,"Absolute pressure, force, energy, mass, stress, or impedance amplitude scales with the coefficient.","Within the primitive calibration set $\mathcal{P}_{\mathrm{cal}} = \{\rhoF, \vchar, \omega_c\}$, a characteristic force scale emerges naturally from the Compton energy stored over the canonical circulation cross-section. We define the \emph{maximal swirl tension} as"
main,2205,Axiomatic Framework,Axiom 1: Continuum Substrate,,C,"Absolute pressure, force, energy, mass, stress, or impedance amplitude scales with the coefficient.",effective response $\rhoF\equiv\rhoEff$.  Equations written with
main,2206,Axiomatic Framework,Axiom 1: Continuum Substrate,,C,"Absolute pressure, force, energy, mass, stress, or impedance amplitude scales with the coefficient.",$\rhoF$ in the current Canon are long-wavelength effective-sector
main,2208,Axiomatic Framework,Axiom 1: Continuum Substrate,,C,"Absolute pressure, force, energy, mass, stress, or impedance amplitude scales with the coefficient.",future equality $\rhoSub=\rhoF$ requires an independent homogenization
main,3021,Swirl--Electromagnetic Bridge,Minimal transverse field sector,,B,Quadratic field normalization; absolute coefficient requires source/detector normalization.,"\frac{\rhoF}{2}\,\lVert \partial_t \mathbf{A}_{\mathrm{eff}}\rVert^2"
main,3032,Swirl--Electromagnetic Bridge,Minimal transverse field sector,,A,Density cancels in an acceleration or wave-speed ratio.,c_\gamma^2 = \frac{K_\gamma}{\rhoF}.
main,3046,Swirl--Electromagnetic Bridge,Minimal transverse field sector,,B,Quadratic field normalization; absolute coefficient requires source/detector normalization.,\rhoF c^2
main,3051,Swirl--Electromagnetic Bridge,Minimal transverse field sector,,B,Quadratic field normalization; absolute coefficient requires source/detector normalization.,"Equation~\eqref{eq:r_phase_torsion_stiffness_target} is dimensionally a shear/torsion stiffness target. Here $\rhoF\equiv\rhoEff$ is the quasi-static inertial coefficient of the displacement field $\mathbf A_{\mathrm{eff}}$, not the unresolved material density $\rhoSub$. Substituting the measured value of~\(c\) calibrates the bridge; it is not yet a microscopic derivation of~\(K_\gamma\)."
main,3186,Swirl--Electromagnetic Bridge,Swirl pressure law,,A,Density cancels in an acceleration or wave-speed ratio.,\frac{1}{\rhoF}\frac{dp_{\mathrm{swirl}}}{dr} = \frac{v_\theta(r)^2}{r}.
main,3193,Swirl--Electromagnetic Bridge,Swirl pressure law,,C,"Absolute pressure, force, energy, mass, stress, or impedance amplitude scales with the coefficient.","p_{\mathrm{swirl}}(r) = p_0 + \frac{1}{2}\rhoF \Omega^2 r^2,"
main,3200,Swirl--Electromagnetic Bridge,Swirl pressure law,,C,"Absolute pressure, force, energy, mass, stress, or impedance amplitude scales with the coefficient.",p_{\mathrm{swirl}}(r) = p_\infty - \frac{\rhoF\Gamma^2}{8\pi^2 r^2}.
main,3208,Swirl--Electromagnetic Bridge,Swirl pressure law,,C,"Absolute pressure, force, energy, mass, stress, or impedance amplitude scales with the coefficient.","p_0 + \rhoF v_0^2 \ln\!\left(\frac{r}{r_0}\right),"
main,3216,Swirl--Electromagnetic Bridge,Swirl pressure law,,C,"Absolute pressure, force, energy, mass, stress, or impedance amplitude scales with the coefficient.","$\bigl[\rhoF^{-1}\,dp/dr\bigr]=\mathrm{m\,s^{-2}}=\bigl[v_\theta^2/r\bigr]$."
main,3232,Swirl--Electromagnetic Bridge,Lorentz-Type Force Density as Swirl Stress,,C,"Absolute pressure, force, energy, mass, stress, or impedance amplitude scales with the coefficient.","\(\rhoF\), \(\rc\), and \(\vchar\)."
main,3269,Swirl--Electromagnetic Bridge,Lorentz-Type Force Density as Swirl Stress,,C,"Absolute pressure, force, energy, mass, stress, or impedance amplitude scales with the coefficient.",\rhoF\mathbf v\times\boldsymbol{\omega}.
main,3274,Swirl--Electromagnetic Bridge,Lorentz-Type Force Density as Swirl Stress,,C,"Absolute pressure, force, energy, mass, stress, or impedance amplitude scales with the coefficient.",[\rhoF\mathbf v\times\boldsymbol{\omega}]
main,3289,Swirl--Electromagnetic Bridge,Lorentz-Type Force Density as Swirl Stress,,C,"Absolute pressure, force, energy, mass, stress, or impedance amplitude scales with the coefficient.",\frac12\rhoF|\mathbf v|^2
main,3294,Swirl--Electromagnetic Bridge,Lorentz-Type Force Density as Swirl Stress,,C,"Absolute pressure, force, energy, mass, stress, or impedance amplitude scales with the coefficient.","\(\rhoF\) and no external body force,"
main,3296,Swirl--Electromagnetic Bridge,Lorentz-Type Force Density as Swirl Stress,,C,"Absolute pressure, force, energy, mass, stress, or impedance amplitude scales with the coefficient.",\rhoF(\mathbf v\cdot\nabla)\mathbf v
main,3303,Swirl--Electromagnetic Bridge,Lorentz-Type Force Density as Swirl Stress,,C,"Absolute pressure, force, energy, mass, stress, or impedance amplitude scales with the coefficient.",\rhoF\mathbf v\times\boldsymbol{\omega}
main,3308,Swirl--Electromagnetic Bridge,Lorentz-Type Force Density as Swirl Stress,,C,"Absolute pressure, force, energy, mass, stress, or impedance amplitude scales with the coefficient.",\frac12\rhoF|\mathbf v|^2
main,3358,Swirl--Electromagnetic Bridge,Lorentz-Type Force Density as Swirl Stress,,C,"Absolute pressure, force, energy, mass, stress, or impedance amplitude scales with the coefficient.",\rhoF
main,3374,Swirl--Electromagnetic Bridge,Lorentz-Type Force Density as Swirl Stress,,C,"Absolute pressure, force, energy, mass, stress, or impedance amplitude scales with the coefficient.",\frac12\rhoF\vchar{}^2
main,3390,Swirl--Electromagnetic Bridge,Lorentz-Type Force Density as Swirl Stress,,C,"Absolute pressure, force, energy, mass, stress, or impedance amplitude scales with the coefficient.",\rhoF\mathbf v\times\boldsymbol{\omega}
main,3392,Swirl--Electromagnetic Bridge,Lorentz-Type Force Density as Swirl Stress,,C,"Absolute pressure, force, energy, mass, stress, or impedance amplitude scales with the coefficient.",\rhoF
main,3395,Swirl--Electromagnetic Bridge,Lorentz-Type Force Density as Swirl Stress,,C,"Absolute pressure, force, energy, mass, stress, or impedance amplitude scales with the coefficient.",\rhoF(\mathbf v\cdot\nabla)\mathbf v .
main,3863,Spectroscopic Constraints,Precision electroweak bridge: lessons from the CMS \texorpdfstring{$W$,,Q,Absolute quantum/action or fluctuation normalization may depend on the coefficient.,"\rhoF^{\rm eff},\,"
main,3874,Spectroscopic Constraints,Precision electroweak bridge: lessons from the CMS \texorpdfstring{$W$,,Q,Absolute quantum/action or fluctuation normalization may depend on the coefficient.,\item $\rhoF^{\rm eff}$ and $\uswirl^{\rm eff}$ are the coarse-grained medium density and effective local swirl-velocity field seen by the excitation.
main,4667,Relational Time Framework,Canonical Electromagnetic--Gravity Closure,,A,Density cancels in an acceleration or wave-speed ratio.,\frac{1}{\rhoF}\frac{dp_{\mathrm{swirl}}}{dr}
main,4773,Relational Time Framework,Canonical Electromagnetic--Gravity Closure,,C,"Absolute pressure, force, energy, mass, stress, or impedance amplitude scales with the coefficient.",\frac{1}{2}\rhoF\vchar{}^2
main,4854,Relational Time Framework,Triadic Gravity-Response Corollary,,C,"Absolute pressure, force, energy, mass, stress, or impedance amplitude scales with the coefficient.","region with constant \(\rhoF\), the pressure and optical projections are not"
main,4859,Relational Time Framework,Triadic Gravity-Response Corollary,,C,"Absolute pressure, force, energy, mass, stress, or impedance amplitude scales with the coefficient.","-\frac{1}{2}\rhoF\lVert\uswirl\rVert^2,"
main,4878,Relational Time Framework,Triadic Gravity-Response Corollary,,C,"Absolute pressure, force, energy, mass, stress, or impedance amplitude scales with the coefficient.",-\frac{\delta p_{\mathrm{swirl}}}{\rhoF c^2}
main,4890,Relational Time Framework,Triadic Gravity-Response Corollary,,X,"Historical, legacy-reference, or invalid-provenance use; not a physical pin.","With \(\rhoF=7.0\times10^{-7}\,\mathrm{kg\,m^{-3}}\),"
main,4892,Relational Time Framework,Triadic Gravity-Response Corollary,,C,"Absolute pressure, force, energy, mass, stress, or impedance amplitude scales with the coefficient.",\frac{1}{\rhoF c^2}
main,4896,Relational Time Framework,Triadic Gravity-Response Corollary,,C,"Absolute pressure, force, energy, mass, stress, or impedance amplitude scales with the coefficient.",\frac{1}{2}\rhoF\vchar{}^2
main,5160,Integration of Prior Canon Versions,Retained from the early canon layers,,C,"Absolute pressure, force, energy, mass, stress, or impedance amplitude scales with the coefficient.","\item a continuum substrate with unfixed material density $\rhoSub$, represented in the current long-wavelength sector by the calibrated effective response $\rhoF\equiv\rhoEff$,"
main,5194,Integration of Prior Canon Versions,Notation and density cleanup,,C,"Absolute pressure, force, energy, mass, stress, or impedance amplitude scales with the coefficient.",\rhoF\equiv\rhoEff
main,5219,Integration of Prior Canon Versions,Notation and density cleanup,,C,"Absolute pressure, force, energy, mass, stress, or impedance amplitude scales with the coefficient.","$\Jomega$ in $\mathrm{kg\,m^{-1}}$ and $\rhoF$ in"
main,5554,Integration of Prior Canon Versions,Hydrodynamic Exchange and the Pauli Barrier,,Q,Absolute quantum/action or fluctuation normalization may depend on the coefficient.,\frac{\rho_{\!f}\Gamma_1\Gamma_2}{4\pi}
main,5565,Integration of Prior Canon Versions,Hydrodynamic Exchange and the Pauli Barrier,,Q,Absolute quantum/action or fluctuation normalization may depend on the coefficient.,\frac{\rho_{\!f}\Gamma_0^2}{4\pi}
main,5575,Integration of Prior Canon Versions,Hydrodynamic Exchange and the Pauli Barrier,,Q,Absolute quantum/action or fluctuation normalization may depend on the coefficient.,\frac{\rho_{\!f}\Gamma_0^2}{4\pi}\left(\frac{L}{a_{\rm cut}}\right)\mathcal{O}(1).
main,5581,Integration of Prior Canon Versions,Hydrodynamic Exchange and the Pauli Barrier,,Q,Absolute quantum/action or fluctuation normalization may depend on the coefficient.,"\rho_{\!f} &= 7.0 \times 10^{-7}\ \mathrm{kg\,m^{-3}}, \nonumber\\"
main,5638,Integration of Prior Canon Versions,Numerical Benchmark Layer,,C,"Absolute pressure, force, energy, mass, stress, or impedance amplitude scales with the coefficient.","\item normalization of legacy constant names into SST notation (\(\rhoF,\rc,\Gamma_0\)) while preserving numerical values."
main,5712,Discussion and Limits,What is established at canon level,,C,"Absolute pressure, force, energy, mass, stress, or impedance amplitude scales with the coefficient.","\item the primitive constant chain $(\rhoF, v_{\swirlarrow}, \omega_c) \to R_{\mathrm{horn}}\equiv r_c \to \Gamma_0$,"
main,5862,Historical Notebook and Proto-Canon Provenance Register,High-priority source concordance,,X,"Historical, legacy-reference, or invalid-provenance use; not a physical pin.","\texttt{VAM7-DENSITY-2025} & Electron energy assigned to $\omega=\alpha\omega_c$ over $r_e^3/3$, producing the inherited decimal. & Reclassified as $\Jomega^{\rm VAM}$ with units $\mathrm{kg\,m^{-1}}$; no derivation of $\rhoF$ follows. \\"
main,5891,Topological reference toolkit,,,C,"Absolute pressure, force, energy, mass, stress, or impedance amplitude scales with the coefficient.","\textbf{[ORTHODOX]}: each item is classical mathematics \cite{Moffatt1969,White1969,Batchelor1967}. \textbf{[DERIVED]}: scope and notation for v0.8.x are frozen to this list plus house symbols $(\rhoF,\Gamma,\rc,\mathcal{H})$ without parallel aliases."
main,6077,Conversation-Derived Insights,Canon edition notes,v0.8.31,C,"Absolute pressure, force, energy, mass, stress, or impedance amplitude scales with the coefficient.",and defines $\rhoF$ exclusively as the quasi-static isotropic limit
main,6083,Conversation-Derived Insights,Canon edition notes,v0.8.30,C,"Absolute pressure, force, energy, mass, stress, or impedance amplitude scales with the coefficient.","$\rhoF\equiv\rhoEff$, introduces distinct notation for rotational"
main,6086,Conversation-Derived Insights,Canon edition notes,v0.8.30,C,"Absolute pressure, force, energy, mass, stress, or impedance amplitude scales with the coefficient.",forbids dimensionally invalid $\rhoF|\boldsymbol\omega|^2$ energy
main,6087,Conversation-Derived Insights,Canon edition notes,v0.8.30,C,"Absolute pressure, force, energy, mass, stress, or impedance amplitude scales with the coefficient.","expressions without a derived squared length, freezes $\rhoF$ as a"
main,6093,Conversation-Derived Insights,Canon edition notes,v0.8.29,X,"Historical, legacy-reference, or invalid-provenance use; not a physical pin.","\textbf{v0.8.29} strengthens the provenance guard for the calibrated background density $\rhoF$, distinguishes two-significant-figure notation from a statistical uncertainty model, adds the primitive dependency guard preventing unsupported propagation into $\vchar$, $\omega_c$, $\rc$, or the Compton chain, and audits the research-track cosmological impedance/SSDL route through an explicit epoch-invariance gate, covariance-aware precision guard, exact large-number identity, and force-hierarchy reformulation on top of v0.8.28."
main,6144,Conversation-Derived Insights,Canon edition notes,v0.8.12,Q,Absolute quantum/action or fluctuation normalization may depend on the coefficient.,"\textbf{v0.8.12} applies the Gemini round-3 epistemic audit: $\mathcal{P}_{\mathrm{cal}}$-aligned identity relabels, coarse-grain density caveat, Pauli $a_{\rm cut}$ disambiguation, galaxy-scale $\rhoF$ note, and research-track EM-bridge limits on top of v0.8.11."
main,6436,Conversation-Derived Insights,Trefoil closure and persistence discipline,,C,"Absolute pressure, force, energy, mass, stress, or impedance amplitude scales with the coefficient.",$\tfrac12\rhoF\int|\uswirl|^2d^3x$.  The two optimization problems must
main,6721,Effective Quantum Bridge,Purpose and status,,Q,Absolute quantum/action or fluctuation normalization may depend on the coefficient.,"\textbf{[CRITICAL NOTE]}: $\rho_\psi$ is a coarse-grained mode-support density of the emergent carrier field, \emph{not} a compression of the incompressible material substrate $\rhoSub$ (Axiom~1, $\nabla\cdot\mathbf v=0$). It is also distinct from the calibrated quasi-static response $\rhoF\equiv\rhoEff$. These are different objects, so the Madelung amplitude does not violate substrate incompressibility."
main,6821,Dark-Sector and Galactic Continuum Law,Purpose and status,,X,"Historical, legacy-reference, or invalid-provenance use; not a physical pin.","\textbf{[CRITICAL NOTE]} The canonical \(\rhoF=7.0\times10^{-7}\,\mathrm{kg\,m^{-3}}\) is an effective medium parameter, not an ordinary gravitating baryonic/cosmological rest-mass density. Applying it on galactic scales requires a separate coupling and screening law. Without that law, the galaxy-scale pressure profile is a fit ansatz only and must not be interpreted as a literal dense fluid through which stars experience ordinary hydrodynamic drag."
main,6826,Dark-Sector and Galactic Continuum Law,Effective dark acceleration law,,A,Density cancels in an acceleration or wave-speed ratio.,\frac{1}{\rhoF}\frac{dp_{\mathrm{swirl}}}{dr}
main,6834,Dark-Sector and Galactic Continuum Law,Effective dark acceleration law,,A,Density cancels in an acceleration or wave-speed ratio.,\frac{1}{\rhoF}\frac{dp_{\mathrm{swirl}}}{dr}.
research-track,322,Dark-sector and galactic canonization execution package (v0.8.x),Stage-0 freeze: topology toolkit and benchmark protocol,,C,"Absolute pressure, force, energy, mass, stress, or impedance amplitude scales with the coefficient.","\rhoF,\quad v_\theta(r),\quad p_{\mathrm{swirl}}(r),\quad"
research-track,341,Dark-sector and galactic canonization execution package (v0.8.x),Stage-1 freeze: dark-sector Euler pressure anchor,,A,Density cancels in an acceleration or wave-speed ratio.,\frac{1}{\rhoF}\frac{dp_{\mathrm{swirl}}}{dr}
research-track,353,Dark-sector and galactic canonization execution package (v0.8.x),Stage-1 freeze: dark-sector Euler pressure anchor,,C,"Absolute pressure, force, energy, mass, stress, or impedance amplitude scales with the coefficient.",p_0 + \rhoF v_0^2\ln\!\left(\frac{r}{r_0}\right).
research-track,361,Dark-sector and galactic canonization execution package (v0.8.x),Stage-1 freeze: dark-sector Euler pressure anchor,,A,Density cancels in an acceleration or wave-speed ratio.,\left[\frac{1}{\rhoF}\frac{dp}{dr}\right]
research-track,373,Dark-sector and galactic canonization execution package (v0.8.x),Stage-1 freeze: dark-sector Euler pressure anchor,,X,"Historical, legacy-reference, or invalid-provenance use; not a physical pin.","\textbf{[CRITICAL NOTE]}: Applying Eq.~\eqref{eq:exec_swirl_pressure} unscreened with the microscopic $\rhoF=7.0\times10^{-7}\,\mathrm{kg\,m^{-3}}$ at galactic scales ($v_\theta\sim200\,\mathrm{km\,s^{-1}}$, $r\sim10\,\mathrm{kpc}$) gives $dp/dr\sim10^{-16}\,\mathrm{Pa\,m^{-1}}$ and $\Delta p\sim2.8\times10^{3}\,\mathrm{Pa}$ over $1\,\mathrm{kpc}$, far above the observed ISM. The swirl pressure is not the thermal ISM pressure, but no screening/scaling law for $\rhoF$ across scales is yet derived; this sector stays research-track and is falsifiable on exactly this point."
research-track,488,"Candidate CANON-v0.8.x Modules from Swirl-Flux, Envelope, and Reconnection Analysis",,,C,"Absolute pressure, force, energy, mass, stress, or impedance amplitude scales with the coefficient.",\providecommand{\rhoF}{\rho_{\!f}}
research-track,699,"Candidate CANON-v0.8.x Modules from Swirl-Flux, Envelope, and Reconnection Analysis",R/T Pseudomomentum--Impulse Exchange,,C,"Absolute pressure, force, energy, mass, stress, or impedance amplitude scales with the coefficient.",\frac{\rhoF}{2}
research-track,715,"Candidate CANON-v0.8.x Modules from Swirl-Flux, Envelope, and Reconnection Analysis",R/T Pseudomomentum--Impulse Exchange,,C,"Absolute pressure, force, energy, mass, stress, or impedance amplitude scales with the coefficient.",\rhoF\Gamma\pi R^2\hat{\mathbf n}.
research-track,791,"Candidate CANON-v0.8.x Modules from Swirl-Flux, Envelope, and Reconnection Analysis",Spherical Pressure Envelopes,,C,"Absolute pressure, force, energy, mass, stress, or impedance amplitude scales with the coefficient.",\rhoF(\mathbf v\cdot\nabla)\mathbf v .
research-track,797,"Candidate CANON-v0.8.x Modules from Swirl-Flux, Envelope, and Reconnection Analysis",Spherical Pressure Envelopes,,C,"Absolute pressure, force, energy, mass, stress, or impedance amplitude scales with the coefficient.",\rhoF\frac{v_\theta^2(r)}{r}.
research-track,807,"Candidate CANON-v0.8.x Modules from Swirl-Flux, Envelope, and Reconnection Analysis",Spherical Pressure Envelopes,,C,"Absolute pressure, force, energy, mass, stress, or impedance amplitude scales with the coefficient.","\rhoF\frac{\Gamma^2}{4\pi^2r^3},"
research-track,815,"Candidate CANON-v0.8.x Modules from Swirl-Flux, Envelope, and Reconnection Analysis",Spherical Pressure Envelopes,,C,"Absolute pressure, force, energy, mass, stress, or impedance amplitude scales with the coefficient.",\frac{\rhoF\Gamma^2}{8\pi^2r^2}.
research-track,823,"Candidate CANON-v0.8.x Modules from Swirl-Flux, Envelope, and Reconnection Analysis",Spherical Pressure Envelopes,,C,"Absolute pressure, force, energy, mass, stress, or impedance amplitude scales with the coefficient.",\frac{\rhoF\Gamma^2}{8\pi^2r^2}
research-track,825,"Candidate CANON-v0.8.x Modules from Swirl-Flux, Envelope, and Reconnection Analysis",Spherical Pressure Envelopes,,C,"Absolute pressure, force, energy, mass, stress, or impedance amplitude scales with the coefficient.",\frac{1}{2}\rhoF v_\theta^2(r).
research-track,830,"Candidate CANON-v0.8.x Modules from Swirl-Flux, Envelope, and Reconnection Analysis",Spherical Pressure Envelopes,,C,"Absolute pressure, force, energy, mass, stress, or impedance amplitude scales with the coefficient.",\frac{1}{2}\rhoF\vchar{}^2
research-track,965,"Candidate CANON-v0.8.x Modules from Swirl-Flux, Envelope, and Reconnection Analysis",Non-Holonomic Gravity Claims,,C,"Absolute pressure, force, energy, mass, stress, or impedance amplitude scales with the coefficient.",\providecommand{\rhoF}{{\rho_{\!f}}}
research-track,1255,Mode-Locked Swirl-Coil Excitation and \texorpdfstring{$\vchar=f\Delta x$,Canonical interpretation,,C,"Absolute pressure, force, energy, mass, stress, or impedance amplitude scales with the coefficient.",\frac{1}{2}\rhoF \vnorm^2.
research-track,1259,Mode-Locked Swirl-Coil Excitation and \texorpdfstring{$\vchar=f\Delta x$,Canonical interpretation,,X,"Historical, legacy-reference, or invalid-provenance use; not a physical pin.","\rhoF = 7.0\times10^{-7}\,\mathrm{kg\,m^{-3}},"
research-track,1759,"Research Appendices: Topology, Stability, and Fluid Mechanics",Research Appendix: Reconnection Decay as a Stability Falsifier,Topological Hitting Conditions and Chronos--Kelvin Phase Slips,C,"Absolute pressure, force, energy, mass, stress, or impedance amplitude scales with the coefficient.","\frac{\rhoF\Gamma_0^2}{4\pi}\,"
research-track,1766,"Research Appendices: Topology, Stability, and Fluid Mechanics",Research Appendix: Reconnection Decay as a Stability Falsifier,Topological Hitting Conditions and Chronos--Kelvin Phase Slips,C,"Absolute pressure, force, energy, mass, stress, or impedance amplitude scales with the coefficient.",[\rhoF\Gamma_0^2\ell_K]
research-track,1830,"Research Appendices: Topology, Stability, and Fluid Mechanics",Research Appendix: Reconnection Decay as a Stability Falsifier,Dimensionless diagnostic,C,"Absolute pressure, force, energy, mass, stress, or impedance amplitude scales with the coefficient.","\frac{\rhoF\Gamma^2}{4\pi}\,\ell_K\ln\!\left(\frac{R}{\rc}\right),"
research-track,1835,"Research Appendices: Topology, Stability, and Fluid Mechanics",Research Appendix: Reconnection Decay as a Stability Falsifier,Dimensionless diagnostic,C,"Absolute pressure, force, energy, mass, stress, or impedance amplitude scales with the coefficient.",[\rhoF\Gamma^2\ell_K]
research-track,2075,"Research Appendices: Topology, Stability, and Fluid Mechanics",Research Appendix: Topological Fluid Mechanics and the SST Energy Functional,Energy relaxation under topological constraints,C,"Absolute pressure, force, energy, mass, stress, or impedance amplitude scales with the coefficient.","\frac{\rhoF\Gamma^2}{4\pi}\,\ell_K\ln\!\left(\frac{R}{\rc}\right),"
research-track,2087,"Research Appendices: Topology, Stability, and Fluid Mechanics",Research Appendix: Topological Fluid Mechanics and the SST Energy Functional,Energy relaxation under topological constraints,C,"Absolute pressure, force, energy, mass, stress, or impedance amplitude scales with the coefficient.",+\frac{\rhoF\Gamma^2}{4\pi}\ell_K\ln\!\left(\frac{R}{\rc}\right)
research-track,2146,"Research Appendices: Topology, Stability, and Fluid Mechanics",Research Appendix: Topological Fluid Mechanics and the SST Energy Functional,Isoperimetric domain-shape and curl-spectrum gate,C,"Absolute pressure, force, energy, mass, stress, or impedance amplitude scales with the coefficient.",\frac{\rhoF}{2}\int_{\Omega}|\uswirl|^2d^3x
research-track,2258,"Research Appendices: Topology, Stability, and Fluid Mechanics",Research Appendix: Topological Fluid Mechanics and the SST Energy Functional,Canon discipline,C,"Absolute pressure, force, energy, mass, stress, or impedance amplitude scales with the coefficient.","\item \textbf{[DERIVED]} Within a chosen tube model, derive the units and leading energy scaling from $\rhoF$, $\Gamma$, $\ell_K$, and $\rc$."
research-track,3748,Research-Track particle and clock ansatz,Resolved finite-core energy functional,,C,"Absolute pressure, force, energy, mass, stress, or impedance amplitude scales with the coefficient.",\frac{\rhoF\Gamma_K^2}{8\pi}
research-track,4405,Research Track: KAM-Caged Knot States,Local induction as the integrable reference layer,,C,"Absolute pressure, force, energy, mass, stress, or impedance amplitude scales with the coefficient.",\frac{\rhoF\Gamma^2}{4\pi}\Lambda.
research-track,5086,Research Track: KAM-Caged Knot States,Preregistered falsifiers and promotion rule,,C,"Absolute pressure, force, energy, mass, stress, or impedance amplitude scales with the coefficient.",\providecommand{\rhoF}{\rho_{\!f}}
research-track,5708,Swirl-String Response and Resonance Framework,Research Track: Quasinormal Swirl Spectroscopy and Spectral-Robustness Gate,Relative-equilibrium background and linearized Euler operator,A,Density cancels in an acceleration or wave-speed ratio.,-\frac{1}{\rhoF}\nabla p_0.
research-track,5734,Swirl-String Response and Resonance Framework,Research Track: Quasinormal Swirl Spectroscopy and Spectral-Robustness Gate,Relative-equilibrium background and linearized Euler operator,A,Density cancels in an acceleration or wave-speed ratio.,-\frac{1}{\rhoF}\nabla\pi.
research-track,6765,"EM, Gravity, Diagnostics, Relativity, and Inertia Research Tracks",Euler-Decomposed Swirl Gravity and Probe Transport,Canonical pressure acceleration,C,"Absolute pressure, force, energy, mass, stress, or impedance amplitude scales with the coefficient.",-\frac{1}{\rho_{\!f}}\nabla p_{\mathrm{swirl}}.
research-track,6778,"EM, Gravity, Diagnostics, Relativity, and Inertia Research Tracks",Euler-Decomposed Swirl Gravity and Probe Transport,Euler decomposition,C,"Absolute pressure, force, energy, mass, stress, or impedance amplitude scales with the coefficient.",-\frac{1}{\rho_{\!f}}\nabla p_{\mathrm{swirl}}.
research-track,6788,"EM, Gravity, Diagnostics, Relativity, and Inertia Research Tracks",Euler-Decomposed Swirl Gravity and Probe Transport,Filament Magnus transport,C,"Absolute pressure, force, energy, mass, stress, or impedance amplitude scales with the coefficient.",\rho_{\!f}\Gamma_K
research-track,6801,"EM, Gravity, Diagnostics, Relativity, and Inertia Research Tracks",Euler-Decomposed Swirl Gravity and Probe Transport,Curvature self-transport,C,"Absolute pressure, force, energy, mass, stress, or impedance amplitude scales with the coefficient.",-\frac{\rho_{\!f}\Gamma_K^2}{4\pi}
research-track,6812,"EM, Gravity, Diagnostics, Relativity, and Inertia Research Tracks",Euler-Decomposed Swirl Gravity and Probe Transport,Dimensional and density check,C,"Absolute pressure, force, energy, mass, stress, or impedance amplitude scales with the coefficient.","\rho_{\!f}\Gamma_K\,"
research-track,6817,"EM, Gravity, Diagnostics, Relativity, and Inertia Research Tracks",Euler-Decomposed Swirl Gravity and Probe Transport,Dimensional and density check,C,"Absolute pressure, force, energy, mass, stress, or impedance amplitude scales with the coefficient.",[\rho_{\!f}\Gamma_K\Delta U]
research-track,6830,"EM, Gravity, Diagnostics, Relativity, and Inertia Research Tracks",Euler-Decomposed Swirl Gravity and Probe Transport,Dimensional and density check,C,"Absolute pressure, force, energy, mass, stress, or impedance amplitude scales with the coefficient.",\rho_{\!f}\Gamma_0
research-track,6834,"EM, Gravity, Diagnostics, Relativity, and Inertia Research Tracks",Euler-Decomposed Swirl Gravity and Probe Transport,Dimensional and density check,C,"Absolute pressure, force, energy, mass, stress, or impedance amplitude scales with the coefficient.",\rho_{\!f}\Gamma_0\vchar
research-track,6838,"EM, Gravity, Diagnostics, Relativity, and Inertia Research Tracks",Euler-Decomposed Swirl Gravity and Probe Transport,Dimensional and density check,C,"Absolute pressure, force, energy, mass, stress, or impedance amplitude scales with the coefficient.","Thus, with \(\rho_{\!f}\), the Magnus layer is a weak background-transport"
research-track,6841,"EM, Gravity, Diagnostics, Relativity, and Inertia Research Tracks",Euler-Decomposed Swirl Gravity and Probe Transport,Dimensional and density check,C,"Absolute pressure, force, energy, mass, stress, or impedance amplitude scales with the coefficient.",\(\rho_{\!f}\) by \(\rho_{\mathrm{core}}\) would change the physical sector and
research-track,6893,"EM, Gravity, Diagnostics, Relativity, and Inertia Research Tracks",Research Track: Hybrid Density-Source Swirl-Clock Benchmark,,C,"Absolute pressure, force, energy, mass, stress, or impedance amplitude scales with the coefficient.",\providecommand{\rhoF}{\rho_{\!f}}
research-track,6962,"EM, Gravity, Diagnostics, Relativity, and Inertia Research Tracks",Research Track: Hybrid Density-Source Swirl-Clock Benchmark,,C,"Absolute pressure, force, energy, mass, stress, or impedance amplitude scales with the coefficient.","\frac{\rhoF\,\|\vswirl\|^2}{2c^2}."
research-track,6967,"EM, Gravity, Diagnostics, Relativity, and Inertia Research Tracks",Research Track: Hybrid Density-Source Swirl-Clock Benchmark,,C,"Absolute pressure, force, energy, mass, stress, or impedance amplitude scales with the coefficient.",$\rhoE=\tfrac12\rhoF\|\vswirl\|^2$ and $\rhoM=\rhoE/c^2$.
research-track,7011,"EM, Gravity, Diagnostics, Relativity, and Inertia Research Tracks",Research Track: Hybrid Density-Source Swirl-Clock Benchmark,,A,Density cancels in an acceleration or wave-speed ratio.,\frac{1}{\rhoF}\frac{dp_{\rm swirl}}{dr}
research-track,7070,"EM, Gravity, Diagnostics, Relativity, and Inertia Research Tracks",Research Track: Swirl--Electromagnetic Normalization by Vorticity,,C,"Absolute pressure, force, energy, mass, stress, or impedance amplitude scales with the coefficient.",\providecommand{\rhoF}{\rho_{\!f}}
research-track,7515,"EM, Gravity, Diagnostics, Relativity, and Inertia Research Tracks",Kelvin Impulse Bridge,,C,"Absolute pressure, force, energy, mass, stress, or impedance amplitude scales with the coefficient.",\frac{1}{2}\rhoF\Gamma^2 R
research-track,7523,"EM, Gravity, Diagnostics, Relativity, and Inertia Research Tracks",Kelvin Impulse Bridge,,C,"Absolute pressure, force, energy, mass, stress, or impedance amplitude scales with the coefficient.","\rhoF\Gamma\pi R^2,"
research-track,7546,"EM, Gravity, Diagnostics, Relativity, and Inertia Research Tracks",Kelvin Impulse Bridge,,C,"Absolute pressure, force, energy, mass, stress, or impedance amplitude scales with the coefficient.",\rhoF\Gamma\pi R^2.
research-track,7623,"EM, Gravity, Diagnostics, Relativity, and Inertia Research Tracks",Pressure Envelopes and Spherical Equilibrium,,C,"Absolute pressure, force, energy, mass, stress, or impedance amplitude scales with the coefficient.",\frac{1}{2}\rhoF\vnorm^2
research-track,7633,"EM, Gravity, Diagnostics, Relativity, and Inertia Research Tracks",Pressure Envelopes and Spherical Equilibrium,,C,"Absolute pressure, force, energy, mass, stress, or impedance amplitude scales with the coefficient.",\frac{1}{2}\rhoF
research-track,7665,"EM, Gravity, Diagnostics, Relativity, and Inertia Research Tracks",Pressure Envelopes and Spherical Equilibrium,,C,"Absolute pressure, force, energy, mass, stress, or impedance amplitude scales with the coefficient.",\frac{1}{2}\rhoF
research-track,7751,"EM, Gravity, Diagnostics, Relativity, and Inertia Research Tracks",Research Claims Retained,,C,"Absolute pressure, force, energy, mass, stress, or impedance amplitude scales with the coefficient.",\eta_I\rhoF\Gamma\pi R^2.
research-track,8114,"EM, Gravity, Diagnostics, Relativity, and Inertia Research Tracks",Pressure equivalence lemma,,C,"Absolute pressure, force, energy, mass, stress, or impedance amplitude scales with the coefficient.","For an incompressible inviscid medium with constant \(\rhoF\),"
research-track,8120,"EM, Gravity, Diagnostics, Relativity, and Inertia Research Tracks",Pressure equivalence lemma,,C,"Absolute pressure, force, energy, mass, stress, or impedance amplitude scales with the coefficient.",\rhoF\left(\partial_t u_i + u_j\partial_j u_i\right)
research-track,8126,"EM, Gravity, Diagnostics, Relativity, and Inertia Research Tracks",Pressure equivalence lemma,,C,"Absolute pressure, force, energy, mass, stress, or impedance amplitude scales with the coefficient.",\partial_i\partial_j\left(\rhoF u_i u_j\right)
research-track,8135,"EM, Gravity, Diagnostics, Relativity, and Inertia Research Tracks",Pressure equivalence lemma,,C,"Absolute pressure, force, energy, mass, stress, or impedance amplitude scales with the coefficient.","\lambda\,\partial_i\partial_j\left(\rhoF u_i u_j\right)"
research-track,8161,"EM, Gravity, Diagnostics, Relativity, and Inertia Research Tracks",No-monopole theorem for smooth compact stress sources,,C,"Absolute pressure, force, energy, mass, stress, or impedance amplitude scales with the coefficient.","\Sigma_{ij}=\rhoF u_i u_j,"
research-track,8208,"EM, Gravity, Diagnostics, Relativity, and Inertia Research Tracks",Equivalence-principle consequence of the density source,,C,"Absolute pressure, force, energy, mass, stress, or impedance amplitude scales with the coefficient.","\rhoE=\frac{1}{2}\rhoF\lVert\uswirl\rVert^2,"
research-track,9144,"EM, Gravity, Diagnostics, Relativity, and Inertia Research Tracks",Einstein dynamics: three candidate routes,,C,"Absolute pressure, force, energy, mass, stress, or impedance amplitude scales with the coefficient.",\frac{\rho_{\!f}}{\rho_\Lambda}
research-track,9155,"EM, Gravity, Diagnostics, Relativity, and Inertia Research Tracks",Einstein dynamics: three candidate routes,,C,"Absolute pressure, force, energy, mass, stress, or impedance amplitude scales with the coefficient.",status of \(\rho_{\!f}\) in the main text.
research-track,9166,"EM, Gravity, Diagnostics, Relativity, and Inertia Research Tracks",Historical Provenance Audit of the Inherited Density Decimal,,X,"Historical, legacy-reference, or invalid-provenance use; not a physical pin.","$\rhoF=7.0\times10^{-7}\,\mathrm{kg\,m^{-3}}$.  The source assigned the"
research-track,9221,"EM, Gravity, Diagnostics, Relativity, and Inertia Research Tracks",Historical Provenance Audit of the Inherited Density Decimal,,X,"Historical, legacy-reference, or invalid-provenance use; not a physical pin.",not $\tfrac12\rhoF|\boldsymbol\omega|^2$.
research-track,9245,"EM, Gravity, Diagnostics, Relativity, and Inertia Research Tracks",Historical Provenance Audit of the Inherited Density Decimal,,X,"Historical, legacy-reference, or invalid-provenance use; not a physical pin.",\rhoF\equiv\rhoEff
research-track,9268,"EM, Gravity, Diagnostics, Relativity, and Inertia Research Tracks",Historical Provenance Audit of the Inherited Density Decimal,,X,"Historical, legacy-reference, or invalid-provenance use; not a physical pin.",$\mathcal J_{\omega}^{\rm VAM}$ or $\rhoF$.  The separately guarded SSDL
research-track,9398,"EM, Gravity, Diagnostics, Relativity, and Inertia Research Tracks",Twist-Rotor Status and Micro--Macro Participation Audit,,C,"Absolute pressure, force, energy, mass, stress, or impedance amplitude scales with the coefficient.",not the calibrated $\rhoF$.  The required scalar participation ratio is
research-track,9404,"EM, Gravity, Diagnostics, Relativity, and Inertia Research Tracks",Twist-Rotor Status and Micro--Macro Participation Audit,,C,"Absolute pressure, force, energy, mass, stress, or impedance amplitude scales with the coefficient.",\frac{\rhoF}{\rho_{\rm eff}^{(\rc)}}
research-track,9406,"EM, Gravity, Diagnostics, Relativity, and Inertia Research Tracks",Twist-Rotor Status and Micro--Macro Participation Audit,,C,"Absolute pressure, force, energy, mass, stress, or impedance amplitude scales with the coefficient.",\frac{\rhoF}{\pi\rhohorn}
research-track,9417,"EM, Gravity, Diagnostics, Relativity, and Inertia Research Tracks",Twist-Rotor Status and Micro--Macro Participation Audit,,C,"Absolute pressure, force, energy, mass, stress, or impedance amplitude scales with the coefficient.",\sqrt{\frac{\mathcal J_{\omega}^{\rm rot}}{\rhoF}}
research-track,9452,"EM, Gravity, Diagnostics, Relativity, and Inertia Research Tracks",Twist-Rotor Status and Micro--Macro Participation Audit,,C,"Absolute pressure, force, energy, mass, stress, or impedance amplitude scales with the coefficient.",A micro--macro derivation of $\rhoF$ may be promoted only if it:
research-track,9454,"EM, Gravity, Diagnostics, Relativity, and Inertia Research Tracks",Twist-Rotor Status and Micro--Macro Participation Audit,,C,"Absolute pressure, force, energy, mass, stress, or impedance amplitude scales with the coefficient.","\item computes the participation functional without using $\rhoF$,"
research-track,9460,"EM, Gravity, Diagnostics, Relativity, and Inertia Research Tracks",Twist-Rotor Status and Micro--Macro Participation Audit,,C,"Absolute pressure, force, energy, mass, stress, or impedance amplitude scales with the coefficient.",to the target value of $\rhoF$.
research-track,9462,"EM, Gravity, Diagnostics, Relativity, and Inertia Research Tracks",Twist-Rotor Status and Micro--Macro Participation Audit,,C,"Absolute pressure, force, energy, mass, stress, or impedance amplitude scales with the coefficient.","Until these gates close, $\rhoF$ remains"
research-track,9471,"EM, Gravity, Diagnostics, Relativity, and Inertia Research Tracks",Cosmological Impedance Route for the Background Density,,X,"Historical, legacy-reference, or invalid-provenance use; not a physical pin.",background density \(\rho_{\!f}\) to a cosmological vacuum input plus a
research-track,9472,"EM, Gravity, Diagnostics, Relativity, and Inertia Research Tracks",Cosmological Impedance Route for the Background Density,,X,"Historical, legacy-reference, or invalid-provenance use; not a physical pin.",UV--IR impedance lift. It does not promote \(\rho_{\!f}\) out of the
research-track,9501,"EM, Gravity, Diagnostics, Relativity, and Inertia Research Tracks",Cosmological Impedance Route for the Background Density,,X,"Historical, legacy-reference, or invalid-provenance use; not a physical pin.",\frac{\rho_{\!f}}{\rho_\Lambda}
research-track,9513,"EM, Gravity, Diagnostics, Relativity, and Inertia Research Tracks",Cosmological Impedance Route for the Background Density,,X,"Historical, legacy-reference, or invalid-provenance use; not a physical pin.",\rho_{\!f}
research-track,9521,"EM, Gravity, Diagnostics, Relativity, and Inertia Research Tracks",Cosmological Impedance Route for the Background Density,,X,"Historical, legacy-reference, or invalid-provenance use; not a physical pin.",\frac{\rho_{\!f}\ell_P}{r_c\rho_\Lambda}
research-track,9528,"EM, Gravity, Diagnostics, Relativity, and Inertia Research Tracks",Cosmological Impedance Route for the Background Density,,X,"Historical, legacy-reference, or invalid-provenance use; not a physical pin.",\rho_{\!f}^{(c_s)}
research-track,9536,"EM, Gravity, Diagnostics, Relativity, and Inertia Research Tracks",Cosmological Impedance Route for the Background Density,,X,"Historical, legacy-reference, or invalid-provenance use; not a physical pin.",\rho_{\!f}^{(\Omega_0)}
research-track,9575,"EM, Gravity, Diagnostics, Relativity, and Inertia Research Tracks",Cosmological Impedance Route for the Background Density,,X,"Historical, legacy-reference, or invalid-provenance use; not a physical pin.",\(\rho_{\!f}\) as a calibrated effective background density. Promotion to
research-track,9593,"EM, Gravity, Diagnostics, Relativity, and Inertia Research Tracks",Separatrix Surface-Density Lift via the Spherical Monopole DtN Sector,,C,"Absolute pressure, force, energy, mass, stress, or impedance amplitude scales with the coefficient.",\(\rho_{\!f}\).
research-track,9673,"EM, Gravity, Diagnostics, Relativity, and Inertia Research Tracks",Separatrix Surface-Density Lift via the Spherical Monopole DtN Sector,,X,"Historical, legacy-reference, or invalid-provenance use; not a physical pin.",\rho_{\!f}^{\rm SSDL}
research-track,9691,"EM, Gravity, Diagnostics, Relativity, and Inertia Research Tracks",Separatrix Surface-Density Lift via the Spherical Monopole DtN Sector,,X,"Historical, legacy-reference, or invalid-provenance use; not a physical pin.",\rho_{\!f}^{\rm SSDL}
research-track,9708,"EM, Gravity, Diagnostics, Relativity, and Inertia Research Tracks",Separatrix Surface-Density Lift via the Spherical Monopole DtN Sector,,X,"Historical, legacy-reference, or invalid-provenance use; not a physical pin.",\rho_{\!f}^{\rm SSDL}
research-track,9713,"EM, Gravity, Diagnostics, Relativity, and Inertia Research Tracks",Separatrix Surface-Density Lift via the Spherical Monopole DtN Sector,,X,"Historical, legacy-reference, or invalid-provenance use; not a physical pin.","\(\rho_{\!f}=7.0\times10^{-7}\,\mathrm{kg\,m^{-3}}\) by"
research-track,9715,"EM, Gravity, Diagnostics, Relativity, and Inertia Research Tracks",Separatrix Surface-Density Lift via the Spherical Monopole DtN Sector,,C,"Absolute pressure, force, energy, mass, stress, or impedance amplitude scales with the coefficient.",\(\rho_{\!f}\); it is a falsifiable research-track target.
research-track,9757,"EM, Gravity, Diagnostics, Relativity, and Inertia Research Tracks",Separatrix Surface-Density Lift via the Spherical Monopole DtN Sector,,X,"Historical, legacy-reference, or invalid-provenance use; not a physical pin.",\frac{\rho_{\!f}^{\rm SSDL}}{\rho_\Lambda}
research-track,9793,"EM, Gravity, Diagnostics, Relativity, and Inertia Research Tracks",Separatrix Surface-Density Lift via the Spherical Monopole DtN Sector,,C,"Absolute pressure, force, energy, mass, stress, or impedance amplitude scales with the coefficient.",\(\rho_{\!f}(z)\propto\Omega_\Lambda(z)\) and the background density is not
research-track,9799,"EM, Gravity, Diagnostics, Relativity, and Inertia Research Tracks",Separatrix Surface-Density Lift via the Spherical Monopole DtN Sector,,C,"Absolute pressure, force, energy, mass, stress, or impedance amplitude scales with the coefficient.","\textbf{[DEPENDENCY GUARD]} In the current primitive set, \(\rho_{\!f}\),"
research-track,9801,"EM, Gravity, Diagnostics, Relativity, and Inertia Research Tracks",Separatrix Surface-Density Lift via the Spherical Monopole DtN Sector,,C,"Absolute pressure, force, energy, mass, stress, or impedance amplitude scales with the coefficient.",independent calibration entries.  A hypothetical change in \(\rho_{\!f}\)
research-track,9803,"EM, Gravity, Diagnostics, Relativity, and Inertia Research Tracks",Separatrix Surface-Density Lift via the Spherical Monopole DtN Sector,,C,"Absolute pressure, force, energy, mass, stress, or impedance amplitude scales with the coefficient.","\(\rho_{\!f}\)-dependent amplitudes, but does not by itself change"
research-track,9811,"EM, Gravity, Diagnostics, Relativity, and Inertia Research Tracks",Separatrix Surface-Density Lift via the Spherical Monopole DtN Sector,,X,"Historical, legacy-reference, or invalid-provenance use; not a physical pin.",\rho_{\!f}^{\rm SSDL}
research-track,9844,"EM, Gravity, Diagnostics, Relativity, and Inertia Research Tracks",Separatrix Surface-Density Lift via the Spherical Monopole DtN Sector,,X,"Historical, legacy-reference, or invalid-provenance use; not a physical pin.",\rho_{\!f}^{\rm SSDL}
research-track,9851,"EM, Gravity, Diagnostics, Relativity, and Inertia Research Tracks",Separatrix Surface-Density Lift via the Spherical Monopole DtN Sector,,C,"Absolute pressure, force, energy, mass, stress, or impedance amplitude scales with the coefficient.",associated cutoff convention without fitting \(\rho_{\!f}\).
research-track,10300,"EM, Gravity, Diagnostics, Relativity, and Inertia Research Tracks",Research Track: Minimal Relational Link--Field Action,Relation to the existing continuum radiation bridge,B,Quadratic field normalization; absolute coefficient requires source/detector normalization.,\rhoF
research-track,10308,"EM, Gravity, Diagnostics, Relativity, and Inertia Research Tracks",Research Track: Minimal Relational Link--Field Action,Relation to the existing continuum radiation bridge,A,Density cancels in an acceleration or wave-speed ratio.,\frac{K_\gamma}{\rhoF}
research-track,10441,"EM, Gravity, Diagnostics, Relativity, and Inertia Research Tracks",Research Track: Minimal Relational Link--Field Action,Zero-legacy dimensional closure,B,Quadratic field normalization; absolute coefficient requires source/detector normalization.,"(\rhoF,\Gamma_0,\rc),"
research-track,10609,"EM, Gravity, Diagnostics, Relativity, and Inertia Research Tracks",Research Track: Core--Torsion Impedance Matching for Inertia Closure,Transverse torsion/shear causal layer,B,Quadratic field normalization; absolute coefficient requires source/detector normalization.,\frac12\rhoF\lVert\partial_t\mathbf A\rVert^2
research-track,10615,"EM, Gravity, Diagnostics, Relativity, and Inertia Research Tracks",Research Track: Core--Torsion Impedance Matching for Inertia Closure,Transverse torsion/shear causal layer,A,Density cancels in an acceleration or wave-speed ratio.,c_T^2=\frac{K_T}{\rhoF}.
research-track,10628,"EM, Gravity, Diagnostics, Relativity, and Inertia Research Tracks",Research Track: Core--Torsion Impedance Matching for Inertia Closure,Transverse torsion/shear causal layer,B,Quadratic field normalization; absolute coefficient requires source/detector normalization.,\rhoF c^2
research-track,10638,"EM, Gravity, Diagnostics, Relativity, and Inertia Research Tracks",Research Track: Core--Torsion Impedance Matching for Inertia Closure,Transverse torsion/shear causal layer,B,Quadratic field normalization; absolute coefficient requires source/detector normalization.,"Z_T=\rhoF c_T=\sqrt{\rhoF K_T},"
research-track,10769,"EM, Gravity, Diagnostics, Relativity, and Inertia Research Tracks",Research Track: Core--Torsion Impedance Matching for Inertia Closure,Research Track: EM-to-Swirl Force-Density Correspondence,B,Quadratic field normalization; absolute coefficient requires source/detector normalization.,[\rhoF\mathbf v\times\boldsymbol{\omega}]
research-track,10779,"EM, Gravity, Diagnostics, Relativity, and Inertia Research Tracks",Research Track: Core--Torsion Impedance Matching for Inertia Closure,Research Track: EM-to-Swirl Force-Density Correspondence,B,Quadratic field normalization; absolute coefficient requires source/detector normalization.,\rhoF\mathbf v\times\boldsymbol{\omega}.
research-track,10806,"EM, Gravity, Diagnostics, Relativity, and Inertia Research Tracks",Research Track: Core--Torsion Impedance Matching for Inertia Closure,Research Track: EM-to-Swirl Force-Density Correspondence,B,Quadratic field normalization; absolute coefficient requires source/detector normalization.,\rhoF\mathbf v\times\boldsymbol{\omega}
research-track,10844,"EM, Gravity, Diagnostics, Relativity, and Inertia Research Tracks",Research Track: Core--Torsion Impedance Matching for Inertia Closure,Research Track: EM-to-Swirl Force-Density Correspondence,B,Quadratic field normalization; absolute coefficient requires source/detector normalization.,\rhoF v_i v_j
research-track,10846,"EM, Gravity, Diagnostics, Relativity, and Inertia Research Tracks",Research Track: Core--Torsion Impedance Matching for Inertia Closure,Research Track: EM-to-Swirl Force-Density Correspondence,B,Quadratic field normalization; absolute coefficient requires source/detector normalization.,\rhoF \rc^2
research-track,10851,"EM, Gravity, Diagnostics, Relativity, and Inertia Research Tracks",Research Track: Core--Torsion Impedance Matching for Inertia Closure,Research Track: EM-to-Swirl Force-Density Correspondence,B,Quadratic field normalization; absolute coefficient requires source/detector normalization.,\delta_{ij}\frac12\rhoF|\mathbf v|^2 .
research-track,10855,"EM, Gravity, Diagnostics, Relativity, and Inertia Research Tracks",Research Track: Core--Torsion Impedance Matching for Inertia Closure,Research Track: EM-to-Swirl Force-Density Correspondence,B,Quadratic field normalization; absolute coefficient requires source/detector normalization.,"-\delta_{ij}\frac12\rhoF|\mathbf v|^2,"
research-track,10862,"EM, Gravity, Diagnostics, Relativity, and Inertia Research Tracks",Research Track: Core--Torsion Impedance Matching for Inertia Closure,Research Track: EM-to-Swirl Force-Density Correspondence,B,Quadratic field normalization; absolute coefficient requires source/detector normalization.,\frac12\rhoF|\mathbf v|^2 .
research-track,10893,"EM, Gravity, Diagnostics, Relativity, and Inertia Research Tracks",Research Track: Core--Torsion Impedance Matching for Inertia Closure,Research Track: EM-to-Swirl Force-Density Correspondence,B,Quadratic field normalization; absolute coefficient requires source/detector normalization.,\rhoF\mathbf v\mathbf v
research-track,10895,"EM, Gravity, Diagnostics, Relativity, and Inertia Research Tracks",Research Track: Core--Torsion Impedance Matching for Inertia Closure,Research Track: EM-to-Swirl Force-Density Correspondence,B,Quadratic field normalization; absolute coefficient requires source/detector normalization.,\rhoF\rc^2
research-track,10989,"EM, Gravity, Diagnostics, Relativity, and Inertia Research Tracks",Research Track: Taylor-Column Analogues for Finite-Thickness Swirl Strings,,C,"Absolute pressure, force, energy, mass, stress, or impedance amplitude scales with the coefficient.",\providecommand{\rhoF}{\rho_{\!f}}
research-track,11168,"EM, Gravity, Diagnostics, Relativity, and Inertia Research Tracks",Research Track: Taylor-Column Analogues for Finite-Thickness Swirl Strings,Hill-vortex sphere analogue,C,"Absolute pressure, force, energy, mass, stress, or impedance amplitude scales with the coefficient.","E_{\rm out}=\frac{1}{3}\pi\rho_{\!f}a^3U^2,"
research-track,11170,"EM, Gravity, Diagnostics, Relativity, and Inertia Research Tracks",Research Track: Taylor-Column Analogues for Finite-Thickness Swirl Strings,Hill-vortex sphere analogue,C,"Absolute pressure, force, energy, mass, stress, or impedance amplitude scales with the coefficient.",E_{\rm in}=\frac{23}{21}\pi\rho_{\!f}a^3U^2.
research-track,11176,"EM, Gravity, Diagnostics, Relativity, and Inertia Research Tracks",Research Track: Taylor-Column Analogues for Finite-Thickness Swirl Strings,Hill-vortex sphere analogue,C,"Absolute pressure, force, energy, mass, stress, or impedance amplitude scales with the coefficient.",=\frac{10}{7}\pi\rho_{\!f}a^3U^2.
research-track,11186,"EM, Gravity, Diagnostics, Relativity, and Inertia Research Tracks",Research Track: Taylor-Column Analogues for Finite-Thickness Swirl Strings,Hill-vortex sphere analogue,X,"Historical, legacy-reference, or invalid-provenance use; not a physical pin.","\rho_{\!f}=7.0\times10^{-7}\,\mathrm{kg\,m^{-3}},"
research-track,11207,"EM, Gravity, Diagnostics, Relativity, and Inertia Research Tracks",Research Track: Taylor-Column Analogues for Finite-Thickness Swirl Strings,Axial force density from vorticity-pressure gradients,C,"Absolute pressure, force, energy, mass, stress, or impedance amplitude scales with the coefficient.",\frac{1}{\rho_{\!f}}\frac{\partial p}{\partial r}
research-track,11212,"EM, Gravity, Diagnostics, Relativity, and Inertia Research Tracks",Research Track: Taylor-Column Analogues for Finite-Thickness Swirl Strings,Axial force density from vorticity-pressure gradients,C,"Absolute pressure, force, energy, mass, stress, or impedance amplitude scales with the coefficient.","p(0,z)=p(R,z)-\frac{1}{2}\rho_{\!f}\Omega(z)^2R^2."
research-track,11219,"EM, Gravity, Diagnostics, Relativity, and Inertia Research Tracks",Research Track: Taylor-Column Analogues for Finite-Thickness Swirl Strings,Axial force density from vorticity-pressure gradients,C,"Absolute pressure, force, energy, mass, stress, or impedance amplitude scales with the coefficient.",=\frac{1}{2}\rho_{\!f}R^2
research-track,11234,"EM, Gravity, Diagnostics, Relativity, and Inertia Research Tracks",Research Track: Taylor-Column Analogues for Finite-Thickness Swirl Strings,Axial force density from vorticity-pressure gradients,C,"Absolute pressure, force, energy, mass, stress, or impedance amplitude scales with the coefficient.",[\rho_{\!f}R^2\partial_z\Omega^2]
