file,line,section,subsection,paragraph,equation_label,text
SST_CANON-v0.8.31.tex,86,,,,,\newcommand{\rhoF}{{\rho_{\!f}}}
SST_CANON-v0.8.31.tex,214,Author's Origin Note: From Impedance and Resonance to Vorticity,,,,"current symbols $\Gamma_0$, $\rhoF$, and $\rc$ were the original ontological"
SST_CANON-v0.8.31.tex,1221,Formal Foundations,Primitive Structure of the Theory,,,"\mathcal{P}_{\mathrm{cal}} = \{ \rhoF, \vchar, \omega_c \}"
SST_CANON-v0.8.31.tex,1226,Formal Foundations,Primitive Structure of the Theory,,,"\item $\rhoF\equiv\rhoEff$ is the calibrated quasi-static effective inertial-response density of the selected collective SST sector,"
SST_CANON-v0.8.31.tex,1243,Formal Foundations,Primitive Structure of the Theory,,,"\textbf{[CALIBRATED / PROVENANCE GUARD]}: Within $\mathcal{P}_{\mathrm{cal}}$, the members $\vchar$ and $\omega_c$ are pinned by CODATA constants through $\vchar=\alpha c/2$ and $\omega_c=m_ec^2/\hbar$, whereas $\rhoF\equiv\rhoEff=7.0\times10^{-7}\,\mathrm{kg\,m^{-3}}$ is retained at \emph{two significant figures} with no canon-level derivation and, at present, no explicitly stated independent calibration observable. The quoted value is a point calibration with unresolved systematic uncertainty; two-significant-figure notation is not a statistical confidence interval. The historical VAM expression from which the decimal value was inherited has dimensions $\mathrm{kg\,m^{-1}}$, not $\mathrm{kg\,m^{-3}}$, and is therefore registered as a rotational-microinertia coefficient rather than as a derivation of $\rhoF$; see Subsection~\ref{subsec:rt_historical_rhof_provenance_audit}. Candidate reduction routes, e.g.\ the research-track cosmological impedance lift $\rhoF=\chi_\Lambda(\rc/\ell_P)\rho_\Lambda$ with $\chi_\Lambda\simeq1.37$ and $\rho_\Lambda=\Lambda c^2/(8\pi G)$, are not canon derivations. In particular, the smaller central-value residual of the present-epoch choice $\chi_\Lambda=2\Omega_{\Lambda,0}$ has no promotion force without an epoch-invariant mechanism and a covariance-aware uncertainty model; see Section~\ref{sec:rt_rhof_cosmological_impedance_route} and Subsection~\ref{subsec:ssdl_monopole_dtn}. Every quantity linear in $\rhoF$ (the swirl energy density $\rhoE$, the mass-equivalent density $\rhoM$, the Pauli-barrier benchmark, and dark-sector pressure amplitudes) inherits the unresolved relative uncertainty of $\rhoF$, and no claim requiring $\rhoF$ at better than the stated calibration precision may be promoted."
SST_CANON-v0.8.31.tex,1245,Formal Foundations,Primitive Structure of the Theory,,,"\textbf{[DEPENDENCY GUARD]}: In the present primitive architecture, $\rhoF$, $\vchar$, and $\omega_c$ are independent calibration entries. Therefore uncertainty or hypothetical epoch dependence assigned to $\rhoF$ propagates into $\rhoE$, $\rhoM$, pressure amplitudes, and other explicitly $\rhoF$-dependent quantities, but it does \emph{not} by itself shift $\vchar$, $\omega_c$, $\rc=\vchar/\omega_c$, or the Compton closure chain. Such propagation would require an additional constitutive relation and must be labeled separately. A future edition must either state the explicit calibration target that fixes $\rhoF$ or demote $\rhoF$ to an interval-valued effective parameter."
SST_CANON-v0.8.31.tex,1274,Formal Foundations,Density Ontology and Backward-Compatible Symbol Rule,,,\boxed{\rhoF\equiv\rhoEff}
SST_CANON-v0.8.31.tex,1278,Formal Foundations,Density Ontology and Backward-Compatible Symbol Rule,,,"$\rhoSub=\rhoF$, $\Jomega=\muell$, or"
SST_CANON-v0.8.31.tex,1279,Formal Foundations,Density Ontology and Backward-Compatible Symbol Rule,,,$\Jomega=\rhoF\ell^2$ is canonical unless an explicit microscopic or
SST_CANON-v0.8.31.tex,1304,Formal Foundations,Density Ontology and Backward-Compatible Symbol Rule,,,Writing $\tfrac12\rhoF|\boldsymbol\omega|^2$ without an independently
SST_CANON-v0.8.31.tex,1319,Formal Foundations,Density Ontology and Backward-Compatible Symbol Rule,,,The calibrated $\rhoF$ instead belongs to the long-wavelength effective
SST_CANON-v0.8.31.tex,1331,Formal Foundations,Density Ontology and Backward-Compatible Symbol Rule,,,\rhoF\equiv\rhoEff
SST_CANON-v0.8.31.tex,1343,Formal Foundations,Density Ontology and Backward-Compatible Symbol Rule,,,numerical value.  The scalar $\rhoF$ must not be extrapolated to core
SST_CANON-v0.8.31.tex,1353,Formal Foundations,Density Ontology and Backward-Compatible Symbol Rule,,,$r_c$ normalization and the calibrated $\rhoF$; see
SST_CANON-v0.8.31.tex,1419,Formal Foundations,Circulation Quantization,,,"\textbf{[DERIVED within the calibrated chain]}: In SST, $\Gamma_0$ is no longer an independent input but follows from Eq.~\ref{eq:rc_definition}. Since $\rc$ itself carries the [CALIBRATED CHAIN GUARD] of Subsection~\ref{subsec:derived_horn_circulation_radius}, this derived status is relative to the calibrated primitive set $(\rhoF,\vchar,\omega_c)$; it must not be cited as an independent hydrodynamic derivation of the circulation quantum."
SST_CANON-v0.8.31.tex,1705,Formal Foundations,Density and Inertia Hierarchy,,,\rhoF\equiv\rhoEff
SST_CANON-v0.8.31.tex,1709,Formal Foundations,Density and Inertia Hierarchy,,,"&= \tfrac12 \rhoF \, \vchar{}^2"
SST_CANON-v0.8.31.tex,1728,Formal Foundations,Density and Inertia Hierarchy,,,"\textbf{[CANON / NON-IDENTIFICATION]}: Numerical or dimensional agreement between two entries does not identify their physical roles. In particular, $\rhoSub$, $\rhoF$, $\Jomega$, $\muell$, and $\rhohorn$ remain distinct unless a separately labeled constitutive theorem relates them."
SST_CANON-v0.8.31.tex,1799,Formal Foundations,Reparametrized Zero-Parameter Corollary,,,"Older SST canon layers often used the triplet $(\Gamma_0,\rhoF,\rc)$ as the primitive parameterization. In the present \canonversion{} architecture, Eq.~\eqref{eq:rc_definition} and Eq.~\eqref{eq:gamma0} show that this is a reparameterization of the present primitive calibration set $(\rhoF,\vchar,\omega_c)$ rather than a distinct axiom."
SST_CANON-v0.8.31.tex,1809,Formal Foundations,Reparametrized Zero-Parameter Corollary,,,"Hence any dimensional SST quantity written in terms of $(\Gamma_0,\rhoF,\rc)$ can be rewritten in terms of $(\rhoF,\vchar,\omega_c)$ with no new calibration input."
SST_CANON-v0.8.31.tex,1814,Formal Foundations,Reparametrized Zero-Parameter Corollary,,,"\rhoF = K\,\Omega,"
SST_CANON-v0.8.31.tex,1836,Formal Foundations,Canonical Master Equation,,,"\rhoE(x,t) &= \frac{1}{2}\rhoF\,\norm{\uswirl(x,t)}^2 \\"
SST_CANON-v0.8.31.tex,1843,Formal Foundations,Canonical Master Equation,,,$\rhoF\equiv\rhoEff$ is the calibrated quasi-static response coefficient.
SST_CANON-v0.8.31.tex,1846,Formal Foundations,Canonical Master Equation,,,It must not be represented by silently promoting $\rhoF$ to a local
SST_CANON-v0.8.31.tex,1907,Formal Foundations,Canonical Master Equation,,,"&= \left( \frac{\rhoF\,\norm{\uswirl(x,t)}^2}{2c^2} \right)"
SST_CANON-v0.8.31.tex,1923,Formal Foundations,Canonical Master Equation,,,"\left[ \frac{\rhoF\,\norm{\uswirl}^2}{c^2} \rc^3 \right] = \mathrm{kg}"
SST_CANON-v0.8.31.tex,1961,Formal Foundations,Summary of Dependency Structure,,,"(\rhoF, \vchar, \omega_c)"
SST_CANON-v0.8.31.tex,1995,Formal Foundations,Maximal Swirl Tension,,,"Within the primitive calibration set $\mathcal{P}_{\mathrm{cal}} = \{\rhoF, \vchar, \omega_c\}$, a characteristic force scale emerges naturally from the Compton energy stored over the canonical circulation cross-section. We define the \emph{maximal swirl tension} as"
SST_CANON-v0.8.31.tex,2205,Axiomatic Framework,Axiom 1: Continuum Substrate,,,effective response $\rhoF\equiv\rhoEff$.  Equations written with
SST_CANON-v0.8.31.tex,2206,Axiomatic Framework,Axiom 1: Continuum Substrate,,,$\rhoF$ in the current Canon are long-wavelength effective-sector
SST_CANON-v0.8.31.tex,2208,Axiomatic Framework,Axiom 1: Continuum Substrate,,,future equality $\rhoSub=\rhoF$ requires an independent homogenization
SST_CANON-v0.8.31.tex,3021,Swirl--Electromagnetic Bridge,Minimal transverse field sector,,,"\frac{\rhoF}{2}\,\lVert \partial_t \mathbf{A}_{\mathrm{eff}}\rVert^2"
SST_CANON-v0.8.31.tex,3032,Swirl--Electromagnetic Bridge,Minimal transverse field sector,,,c_\gamma^2 = \frac{K_\gamma}{\rhoF}.
SST_CANON-v0.8.31.tex,3046,Swirl--Electromagnetic Bridge,Minimal transverse field sector,,,\rhoF c^2
SST_CANON-v0.8.31.tex,3051,Swirl--Electromagnetic Bridge,Minimal transverse field sector,,,"Equation~\eqref{eq:r_phase_torsion_stiffness_target} is dimensionally a shear/torsion stiffness target. Here $\rhoF\equiv\rhoEff$ is the quasi-static inertial coefficient of the displacement field $\mathbf A_{\mathrm{eff}}$, not the unresolved material density $\rhoSub$. Substituting the measured value of~\(c\) calibrates the bridge; it is not yet a microscopic derivation of~\(K_\gamma\)."
SST_CANON-v0.8.31.tex,3186,Swirl--Electromagnetic Bridge,Swirl pressure law,,,\frac{1}{\rhoF}\frac{dp_{\mathrm{swirl}}}{dr} = \frac{v_\theta(r)^2}{r}.
SST_CANON-v0.8.31.tex,3193,Swirl--Electromagnetic Bridge,Swirl pressure law,,,"p_{\mathrm{swirl}}(r) = p_0 + \frac{1}{2}\rhoF \Omega^2 r^2,"
SST_CANON-v0.8.31.tex,3200,Swirl--Electromagnetic Bridge,Swirl pressure law,,,p_{\mathrm{swirl}}(r) = p_\infty - \frac{\rhoF\Gamma^2}{8\pi^2 r^2}.
SST_CANON-v0.8.31.tex,3208,Swirl--Electromagnetic Bridge,Swirl pressure law,,,"p_0 + \rhoF v_0^2 \ln\!\left(\frac{r}{r_0}\right),"
SST_CANON-v0.8.31.tex,3216,Swirl--Electromagnetic Bridge,Swirl pressure law,,,"$\bigl[\rhoF^{-1}\,dp/dr\bigr]=\mathrm{m\,s^{-2}}=\bigl[v_\theta^2/r\bigr]$."
SST_CANON-v0.8.31.tex,3232,Swirl--Electromagnetic Bridge,Lorentz-Type Force Density as Swirl Stress,Status labels.,,"\(\rhoF\), \(\rc\), and \(\vchar\)."
SST_CANON-v0.8.31.tex,3269,Swirl--Electromagnetic Bridge,Lorentz-Type Force Density as Swirl Stress,Swirl-force density.,,\rhoF\mathbf v\times\boldsymbol{\omega}.
SST_CANON-v0.8.31.tex,3274,Swirl--Electromagnetic Bridge,Lorentz-Type Force Density as Swirl Stress,Swirl-force density.,,[\rhoF\mathbf v\times\boldsymbol{\omega}]
SST_CANON-v0.8.31.tex,3289,Swirl--Electromagnetic Bridge,Lorentz-Type Force Density as Swirl Stress,Bernoulli relation and sign convention.,,\frac12\rhoF|\mathbf v|^2
SST_CANON-v0.8.31.tex,3294,Swirl--Electromagnetic Bridge,Lorentz-Type Force Density as Swirl Stress,Bernoulli relation and sign convention.,,"\(\rhoF\) and no external body force,"
SST_CANON-v0.8.31.tex,3296,Swirl--Electromagnetic Bridge,Lorentz-Type Force Density as Swirl Stress,Bernoulli relation and sign convention.,,\rhoF(\mathbf v\cdot\nabla)\mathbf v
SST_CANON-v0.8.31.tex,3303,Swirl--Electromagnetic Bridge,Lorentz-Type Force Density as Swirl Stress,Bernoulli relation and sign convention.,,\rhoF\mathbf v\times\boldsymbol{\omega}
SST_CANON-v0.8.31.tex,3308,Swirl--Electromagnetic Bridge,Lorentz-Type Force Density as Swirl Stress,Bernoulli relation and sign convention.,,\frac12\rhoF|\mathbf v|^2
SST_CANON-v0.8.31.tex,3358,Swirl--Electromagnetic Bridge,Lorentz-Type Force Density as Swirl Stress,Canonical scales.,,\rhoF
SST_CANON-v0.8.31.tex,3374,Swirl--Electromagnetic Bridge,Lorentz-Type Force Density as Swirl Stress,Canonical scales.,,\frac12\rhoF\vchar{}^2
SST_CANON-v0.8.31.tex,3390,Swirl--Electromagnetic Bridge,Lorentz-Type Force Density as Swirl Stress,Canonical conclusion.,,\rhoF\mathbf v\times\boldsymbol{\omega}
SST_CANON-v0.8.31.tex,3392,Swirl--Electromagnetic Bridge,Lorentz-Type Force Density as Swirl Stress,Canonical conclusion.,,\rhoF
SST_CANON-v0.8.31.tex,3395,Swirl--Electromagnetic Bridge,Lorentz-Type Force Density as Swirl Stress,Canonical conclusion.,,\rhoF(\mathbf v\cdot\nabla)\mathbf v .
SST_CANON-v0.8.31.tex,3863,Spectroscopic Constraints,Precision electroweak bridge: lessons from the CMS \texorpdfstring{$W$,Latent-to-observable map.,,"\rhoF^{\rm eff},\,"
SST_CANON-v0.8.31.tex,3874,Spectroscopic Constraints,Precision electroweak bridge: lessons from the CMS \texorpdfstring{$W$,Latent-to-observable map.,,\item $\rhoF^{\rm eff}$ and $\uswirl^{\rm eff}$ are the coarse-grained medium density and effective local swirl-velocity field seen by the excitation.
SST_CANON-v0.8.31.tex,4667,Relational Time Framework,Canonical Electromagnetic--Gravity Closure,Gravity projection.,,\frac{1}{\rhoF}\frac{dp_{\mathrm{swirl}}}{dr}
SST_CANON-v0.8.31.tex,4773,Relational Time Framework,Canonical Electromagnetic--Gravity Closure,Numerical hierarchy.,,\frac{1}{2}\rhoF\vchar{}^2
SST_CANON-v0.8.31.tex,4854,Relational Time Framework,Triadic Gravity-Response Corollary,Local Euler locking of pressure and optical projections.,,"region with constant \(\rhoF\), the pressure and optical projections are not"
SST_CANON-v0.8.31.tex,4859,Relational Time Framework,Triadic Gravity-Response Corollary,Local Euler locking of pressure and optical projections.,,"-\frac{1}{2}\rhoF\lVert\uswirl\rVert^2,"
SST_CANON-v0.8.31.tex,4878,Relational Time Framework,Triadic Gravity-Response Corollary,Local Euler locking of pressure and optical projections.,,-\frac{\delta p_{\mathrm{swirl}}}{\rhoF c^2}
SST_CANON-v0.8.31.tex,4890,Relational Time Framework,Triadic Gravity-Response Corollary,Local Euler locking of pressure and optical projections.,,"With \(\rhoF=7.0\times10^{-7}\,\mathrm{kg\,m^{-3}}\),"
SST_CANON-v0.8.31.tex,4892,Relational Time Framework,Triadic Gravity-Response Corollary,Local Euler locking of pressure and optical projections.,,\frac{1}{\rhoF c^2}
SST_CANON-v0.8.31.tex,4896,Relational Time Framework,Triadic Gravity-Response Corollary,Local Euler locking of pressure and optical projections.,,\frac{1}{2}\rhoF\vchar{}^2
SST_CANON-v0.8.31.tex,5160,Integration of Prior Canon Versions,Retained from the early canon layers,,,"\item a continuum substrate with unfixed material density $\rhoSub$, represented in the current long-wavelength sector by the calibrated effective response $\rhoF\equiv\rhoEff$,"
SST_CANON-v0.8.31.tex,5194,Integration of Prior Canon Versions,Notation and density cleanup,,,\rhoF\equiv\rhoEff
SST_CANON-v0.8.31.tex,5219,Integration of Prior Canon Versions,Notation and density cleanup,,,"$\Jomega$ in $\mathrm{kg\,m^{-1}}$ and $\rhoF$ in"
SST_CANON-v0.8.31.tex,5554,Integration of Prior Canon Versions,Hydrodynamic Exchange and the Pauli Barrier,,,\frac{\rho_{\!f}\Gamma_1\Gamma_2}{4\pi}
SST_CANON-v0.8.31.tex,5565,Integration of Prior Canon Versions,Hydrodynamic Exchange and the Pauli Barrier,,,\frac{\rho_{\!f}\Gamma_0^2}{4\pi}
SST_CANON-v0.8.31.tex,5575,Integration of Prior Canon Versions,Hydrodynamic Exchange and the Pauli Barrier,,,\frac{\rho_{\!f}\Gamma_0^2}{4\pi}\left(\frac{L}{a_{\rm cut}}\right)\mathcal{O}(1).
SST_CANON-v0.8.31.tex,5581,Integration of Prior Canon Versions,Hydrodynamic Exchange and the Pauli Barrier,,,"\rho_{\!f} &= 7.0 \times 10^{-7}\ \mathrm{kg\,m^{-3}}, \nonumber\\"
SST_CANON-v0.8.31.tex,5638,Integration of Prior Canon Versions,Numerical Benchmark Layer,,,"\item normalization of legacy constant names into SST notation (\(\rhoF,\rc,\Gamma_0\)) while preserving numerical values."
SST_CANON-v0.8.31.tex,5712,Discussion and Limits,What is established at canon level,,,"\item the primitive constant chain $(\rhoF, v_{\swirlarrow}, \omega_c) \to R_{\mathrm{horn}}\equiv r_c \to \Gamma_0$,"
SST_CANON-v0.8.31.tex,5862,Historical Notebook and Proto-Canon Provenance Register,High-priority source concordance,,,"\texttt{VAM7-DENSITY-2025} & Electron energy assigned to $\omega=\alpha\omega_c$ over $r_e^3/3$, producing the inherited decimal. & Reclassified as $\Jomega^{\rm VAM}$ with units $\mathrm{kg\,m^{-1}}$; no derivation of $\rhoF$ follows. \\"
SST_CANON-v0.8.31.tex,5891,Topological reference toolkit,,,,"\textbf{[ORTHODOX]}: each item is classical mathematics \cite{Moffatt1969,White1969,Batchelor1967}. \textbf{[DERIVED]}: scope and notation for v0.8.x are frozen to this list plus house symbols $(\rhoF,\Gamma,\rc,\mathcal{H})$ without parallel aliases."
SST_CANON-v0.8.31.tex,6077,Conversation-Derived Insights,Canon edition notes,,,and defines $\rhoF$ exclusively as the quasi-static isotropic limit
SST_CANON-v0.8.31.tex,6083,Conversation-Derived Insights,Canon edition notes,,,"$\rhoF\equiv\rhoEff$, introduces distinct notation for rotational"
SST_CANON-v0.8.31.tex,6086,Conversation-Derived Insights,Canon edition notes,,,forbids dimensionally invalid $\rhoF|\boldsymbol\omega|^2$ energy
SST_CANON-v0.8.31.tex,6087,Conversation-Derived Insights,Canon edition notes,,,"expressions without a derived squared length, freezes $\rhoF$ as a"
SST_CANON-v0.8.31.tex,6093,Conversation-Derived Insights,Canon edition notes,,,"\textbf{v0.8.29} strengthens the provenance guard for the calibrated background density $\rhoF$, distinguishes two-significant-figure notation from a statistical uncertainty model, adds the primitive dependency guard preventing unsupported propagation into $\vchar$, $\omega_c$, $\rc$, or the Compton chain, and audits the research-track cosmological impedance/SSDL route through an explicit epoch-invariance gate, covariance-aware precision guard, exact large-number identity, and force-hierarchy reformulation on top of v0.8.28."
SST_CANON-v0.8.31.tex,6144,Conversation-Derived Insights,Canon edition notes,,,"\textbf{v0.8.12} applies the Gemini round-3 epistemic audit: $\mathcal{P}_{\mathrm{cal}}$-aligned identity relabels, coarse-grain density caveat, Pauli $a_{\rm cut}$ disambiguation, galaxy-scale $\rhoF$ note, and research-track EM-bridge limits on top of v0.8.11."
SST_CANON-v0.8.31.tex,6436,Conversation-Derived Insights,Trefoil closure and persistence discipline,Domain-spectral helicity optimization guard.,,$\tfrac12\rhoF\int|\uswirl|^2d^3x$.  The two optimization problems must
SST_CANON-v0.8.31.tex,6721,Effective Quantum Bridge,Purpose and status,,,"\textbf{[CRITICAL NOTE]}: $\rho_\psi$ is a coarse-grained mode-support density of the emergent carrier field, \emph{not} a compression of the incompressible material substrate $\rhoSub$ (Axiom~1, $\nabla\cdot\mathbf v=0$). It is also distinct from the calibrated quasi-static response $\rhoF\equiv\rhoEff$. These are different objects, so the Madelung amplitude does not violate substrate incompressibility."
SST_CANON-v0.8.31.tex,6821,Dark-Sector and Galactic Continuum Law,Purpose and status,,,"\textbf{[CRITICAL NOTE]} The canonical \(\rhoF=7.0\times10^{-7}\,\mathrm{kg\,m^{-3}}\) is an effective medium parameter, not an ordinary gravitating baryonic/cosmological rest-mass density. Applying it on galactic scales requires a separate coupling and screening law. Without that law, the galaxy-scale pressure profile is a fit ansatz only and must not be interpreted as a literal dense fluid through which stars experience ordinary hydrodynamic drag."
SST_CANON-v0.8.31.tex,6826,Dark-Sector and Galactic Continuum Law,Effective dark acceleration law,,,\frac{1}{\rhoF}\frac{dp_{\mathrm{swirl}}}{dr}
SST_CANON-v0.8.31.tex,6834,Dark-Sector and Galactic Continuum Law,Effective dark acceleration law,,,\frac{1}{\rhoF}\frac{dp_{\mathrm{swirl}}}{dr}.
SST_CANON-v0.8.31-research-track.tex,322,Dark-sector and galactic canonization execution package (v0.8.x),Stage-0 freeze: topology toolkit and benchmark protocol,,,"\rhoF,\quad v_\theta(r),\quad p_{\mathrm{swirl}}(r),\quad"
SST_CANON-v0.8.31-research-track.tex,341,Dark-sector and galactic canonization execution package (v0.8.x),Stage-1 freeze: dark-sector Euler pressure anchor,,,\frac{1}{\rhoF}\frac{dp_{\mathrm{swirl}}}{dr}
SST_CANON-v0.8.31-research-track.tex,353,Dark-sector and galactic canonization execution package (v0.8.x),Stage-1 freeze: dark-sector Euler pressure anchor,,,p_0 + \rhoF v_0^2\ln\!\left(\frac{r}{r_0}\right).
SST_CANON-v0.8.31-research-track.tex,361,Dark-sector and galactic canonization execution package (v0.8.x),Stage-1 freeze: dark-sector Euler pressure anchor,,,\left[\frac{1}{\rhoF}\frac{dp}{dr}\right]
SST_CANON-v0.8.31-research-track.tex,373,Dark-sector and galactic canonization execution package (v0.8.x),Stage-1 freeze: dark-sector Euler pressure anchor,,,"\textbf{[CRITICAL NOTE]}: Applying Eq.~\eqref{eq:exec_swirl_pressure} unscreened with the microscopic $\rhoF=7.0\times10^{-7}\,\mathrm{kg\,m^{-3}}$ at galactic scales ($v_\theta\sim200\,\mathrm{km\,s^{-1}}$, $r\sim10\,\mathrm{kpc}$) gives $dp/dr\sim10^{-16}\,\mathrm{Pa\,m^{-1}}$ and $\Delta p\sim2.8\times10^{3}\,\mathrm{Pa}$ over $1\,\mathrm{kpc}$, far above the observed ISM. The swirl pressure is not the thermal ISM pressure, but no screening/scaling law for $\rhoF$ across scales is yet derived; this sector stays research-track and is falsifiable on exactly this point."
SST_CANON-v0.8.31-research-track.tex,488,"Candidate CANON-v0.8.x Modules from Swirl-Flux, Envelope, and Reconnection Analysis",,,,\providecommand{\rhoF}{\rho_{\!f}}
SST_CANON-v0.8.31-research-track.tex,699,"Candidate CANON-v0.8.x Modules from Swirl-Flux, Envelope, and Reconnection Analysis",R/T Pseudomomentum--Impulse Exchange,,,\frac{\rhoF}{2}
SST_CANON-v0.8.31-research-track.tex,715,"Candidate CANON-v0.8.x Modules from Swirl-Flux, Envelope, and Reconnection Analysis",R/T Pseudomomentum--Impulse Exchange,,,\rhoF\Gamma\pi R^2\hat{\mathbf n}.
SST_CANON-v0.8.31-research-track.tex,791,"Candidate CANON-v0.8.x Modules from Swirl-Flux, Envelope, and Reconnection Analysis",Spherical Pressure Envelopes,,,\rhoF(\mathbf v\cdot\nabla)\mathbf v .
SST_CANON-v0.8.31-research-track.tex,797,"Candidate CANON-v0.8.x Modules from Swirl-Flux, Envelope, and Reconnection Analysis",Spherical Pressure Envelopes,,,\rhoF\frac{v_\theta^2(r)}{r}.
SST_CANON-v0.8.31-research-track.tex,807,"Candidate CANON-v0.8.x Modules from Swirl-Flux, Envelope, and Reconnection Analysis",Spherical Pressure Envelopes,,,"\rhoF\frac{\Gamma^2}{4\pi^2r^3},"
SST_CANON-v0.8.31-research-track.tex,815,"Candidate CANON-v0.8.x Modules from Swirl-Flux, Envelope, and Reconnection Analysis",Spherical Pressure Envelopes,,,\frac{\rhoF\Gamma^2}{8\pi^2r^2}.
SST_CANON-v0.8.31-research-track.tex,823,"Candidate CANON-v0.8.x Modules from Swirl-Flux, Envelope, and Reconnection Analysis",Spherical Pressure Envelopes,,,\frac{\rhoF\Gamma^2}{8\pi^2r^2}
SST_CANON-v0.8.31-research-track.tex,825,"Candidate CANON-v0.8.x Modules from Swirl-Flux, Envelope, and Reconnection Analysis",Spherical Pressure Envelopes,,,\frac{1}{2}\rhoF v_\theta^2(r).
SST_CANON-v0.8.31-research-track.tex,830,"Candidate CANON-v0.8.x Modules from Swirl-Flux, Envelope, and Reconnection Analysis",Spherical Pressure Envelopes,,,\frac{1}{2}\rhoF\vchar{}^2
SST_CANON-v0.8.31-research-track.tex,965,"Candidate CANON-v0.8.x Modules from Swirl-Flux, Envelope, and Reconnection Analysis",Non-Holonomic Gravity Claims,,,\providecommand{\rhoF}{{\rho_{\!f}}}
SST_CANON-v0.8.31-research-track.tex,1255,Mode-Locked Swirl-Coil Excitation and \texorpdfstring{$\vchar=f\Delta x$,Canonical interpretation,,,\frac{1}{2}\rhoF \vnorm^2.
SST_CANON-v0.8.31-research-track.tex,1259,Mode-Locked Swirl-Coil Excitation and \texorpdfstring{$\vchar=f\Delta x$,Canonical interpretation,,,"\rhoF = 7.0\times10^{-7}\,\mathrm{kg\,m^{-3}},"
SST_CANON-v0.8.31-research-track.tex,1759,"Research Appendices: Topology, Stability, and Fluid Mechanics",Research Appendix: Reconnection Decay as a Stability Falsifier,Energetic jump condition.,,"\frac{\rhoF\Gamma_0^2}{4\pi}\,"
SST_CANON-v0.8.31-research-track.tex,1766,"Research Appendices: Topology, Stability, and Fluid Mechanics",Research Appendix: Reconnection Decay as a Stability Falsifier,Energetic jump condition.,,[\rhoF\Gamma_0^2\ell_K]
SST_CANON-v0.8.31-research-track.tex,1830,"Research Appendices: Topology, Stability, and Fluid Mechanics",Research Appendix: Reconnection Decay as a Stability Falsifier,Falsification rule.,,"\frac{\rhoF\Gamma^2}{4\pi}\,\ell_K\ln\!\left(\frac{R}{\rc}\right),"
SST_CANON-v0.8.31-research-track.tex,1835,"Research Appendices: Topology, Stability, and Fluid Mechanics",Research Appendix: Reconnection Decay as a Stability Falsifier,Falsification rule.,,[\rhoF\Gamma^2\ell_K]
SST_CANON-v0.8.31-research-track.tex,2075,"Research Appendices: Topology, Stability, and Fluid Mechanics",Research Appendix: Topological Fluid Mechanics and the SST Energy Functional,Falsifier.,,"\frac{\rhoF\Gamma^2}{4\pi}\,\ell_K\ln\!\left(\frac{R}{\rc}\right),"
SST_CANON-v0.8.31-research-track.tex,2087,"Research Appendices: Topology, Stability, and Fluid Mechanics",Research Appendix: Topological Fluid Mechanics and the SST Energy Functional,Falsifier.,,+\frac{\rhoF\Gamma^2}{4\pi}\ell_K\ln\!\left(\frac{R}{\rc}\right)
SST_CANON-v0.8.31-research-track.tex,2146,"Research Appendices: Topology, Stability, and Fluid Mechanics",Research Appendix: Topological Fluid Mechanics and the SST Energy Functional,Energy-symbol guard.,,\frac{\rhoF}{2}\int_{\Omega}|\uswirl|^2d^3x
SST_CANON-v0.8.31-research-track.tex,2258,"Research Appendices: Topology, Stability, and Fluid Mechanics",Research Appendix: Topological Fluid Mechanics and the SST Energy Functional,Operational diagnostics.,,"\item \textbf{[DERIVED]} Within a chosen tube model, derive the units and leading energy scaling from $\rhoF$, $\Gamma$, $\ell_K$, and $\rc$."
SST_CANON-v0.8.31-research-track.tex,3748,Research-Track particle and clock ansatz,Resolved finite-core energy functional,,,\frac{\rhoF\Gamma_K^2}{8\pi}
SST_CANON-v0.8.31-research-track.tex,4405,Research Track: KAM-Caged Knot States,Local induction as the integrable reference layer,,,\frac{\rhoF\Gamma^2}{4\pi}\Lambda.
SST_CANON-v0.8.31-research-track.tex,5086,Research Track: KAM-Caged Knot States,Preregistered falsifiers and promotion rule,Child-level analogy.,,\providecommand{\rhoF}{\rho_{\!f}}
SST_CANON-v0.8.31-research-track.tex,5708,Swirl-String Response and Resonance Framework,Research Track: Quasinormal Swirl Spectroscopy and Spectral-Robustness Gate,,,-\frac{1}{\rhoF}\nabla p_0.
SST_CANON-v0.8.31-research-track.tex,5734,Swirl-String Response and Resonance Framework,Research Track: Quasinormal Swirl Spectroscopy and Spectral-Robustness Gate,,,-\frac{1}{\rhoF}\nabla\pi.
SST_CANON-v0.8.31-research-track.tex,6765,"EM, Gravity, Diagnostics, Relativity, and Inertia Research Tracks",Euler-Decomposed Swirl Gravity and Probe Transport,,,-\frac{1}{\rho_{\!f}}\nabla p_{\mathrm{swirl}}.
SST_CANON-v0.8.31-research-track.tex,6778,"EM, Gravity, Diagnostics, Relativity, and Inertia Research Tracks",Euler-Decomposed Swirl Gravity and Probe Transport,,,-\frac{1}{\rho_{\!f}}\nabla p_{\mathrm{swirl}}.
SST_CANON-v0.8.31-research-track.tex,6788,"EM, Gravity, Diagnostics, Relativity, and Inertia Research Tracks",Euler-Decomposed Swirl Gravity and Probe Transport,,,\rho_{\!f}\Gamma_K
SST_CANON-v0.8.31-research-track.tex,6801,"EM, Gravity, Diagnostics, Relativity, and Inertia Research Tracks",Euler-Decomposed Swirl Gravity and Probe Transport,,,-\frac{\rho_{\!f}\Gamma_K^2}{4\pi}
SST_CANON-v0.8.31-research-track.tex,6812,"EM, Gravity, Diagnostics, Relativity, and Inertia Research Tracks",Euler-Decomposed Swirl Gravity and Probe Transport,,,"\rho_{\!f}\Gamma_K\,"
SST_CANON-v0.8.31-research-track.tex,6817,"EM, Gravity, Diagnostics, Relativity, and Inertia Research Tracks",Euler-Decomposed Swirl Gravity and Probe Transport,,,[\rho_{\!f}\Gamma_K\Delta U]
SST_CANON-v0.8.31-research-track.tex,6830,"EM, Gravity, Diagnostics, Relativity, and Inertia Research Tracks",Euler-Decomposed Swirl Gravity and Probe Transport,,,\rho_{\!f}\Gamma_0
SST_CANON-v0.8.31-research-track.tex,6834,"EM, Gravity, Diagnostics, Relativity, and Inertia Research Tracks",Euler-Decomposed Swirl Gravity and Probe Transport,,,\rho_{\!f}\Gamma_0\vchar
SST_CANON-v0.8.31-research-track.tex,6838,"EM, Gravity, Diagnostics, Relativity, and Inertia Research Tracks",Euler-Decomposed Swirl Gravity and Probe Transport,,,"Thus, with \(\rho_{\!f}\), the Magnus layer is a weak background-transport"
SST_CANON-v0.8.31-research-track.tex,6841,"EM, Gravity, Diagnostics, Relativity, and Inertia Research Tracks",Euler-Decomposed Swirl Gravity and Probe Transport,,,\(\rho_{\!f}\) by \(\rho_{\mathrm{core}}\) would change the physical sector and
SST_CANON-v0.8.31-research-track.tex,6893,"EM, Gravity, Diagnostics, Relativity, and Inertia Research Tracks",Research Track: Hybrid Density-Source Swirl-Clock Benchmark,,,\providecommand{\rhoF}{\rho_{\!f}}
SST_CANON-v0.8.31-research-track.tex,6962,"EM, Gravity, Diagnostics, Relativity, and Inertia Research Tracks",Research Track: Hybrid Density-Source Swirl-Clock Benchmark,Density-source mass closure.,,"\frac{\rhoF\,\|\vswirl\|^2}{2c^2}."
SST_CANON-v0.8.31-research-track.tex,6967,"EM, Gravity, Diagnostics, Relativity, and Inertia Research Tracks",Research Track: Hybrid Density-Source Swirl-Clock Benchmark,Density-source mass closure.,,$\rhoE=\tfrac12\rhoF\|\vswirl\|^2$ and $\rhoM=\rhoE/c^2$.
SST_CANON-v0.8.31-research-track.tex,7011,"EM, Gravity, Diagnostics, Relativity, and Inertia Research Tracks",Research Track: Hybrid Density-Source Swirl-Clock Benchmark,Irrotational compression and boundary response.,,\frac{1}{\rhoF}\frac{dp_{\rm swirl}}{dr}
SST_CANON-v0.8.31-research-track.tex,7070,"EM, Gravity, Diagnostics, Relativity, and Inertia Research Tracks",Research Track: Swirl--Electromagnetic Normalization by Vorticity,,,\providecommand{\rhoF}{\rho_{\!f}}
SST_CANON-v0.8.31-research-track.tex,7515,"EM, Gravity, Diagnostics, Relativity, and Inertia Research Tracks",Kelvin Impulse Bridge,,,\frac{1}{2}\rhoF\Gamma^2 R
SST_CANON-v0.8.31-research-track.tex,7523,"EM, Gravity, Diagnostics, Relativity, and Inertia Research Tracks",Kelvin Impulse Bridge,,eq:ring_energy,"\rhoF\Gamma\pi R^2,"
SST_CANON-v0.8.31-research-track.tex,7546,"EM, Gravity, Diagnostics, Relativity, and Inertia Research Tracks",Kelvin Impulse Bridge,,,\rhoF\Gamma\pi R^2.
SST_CANON-v0.8.31-research-track.tex,7623,"EM, Gravity, Diagnostics, Relativity, and Inertia Research Tracks",Pressure Envelopes and Spherical Equilibrium,,,\frac{1}{2}\rhoF\vnorm^2
SST_CANON-v0.8.31-research-track.tex,7633,"EM, Gravity, Diagnostics, Relativity, and Inertia Research Tracks",Pressure Envelopes and Spherical Equilibrium,,,\frac{1}{2}\rhoF
SST_CANON-v0.8.31-research-track.tex,7665,"EM, Gravity, Diagnostics, Relativity, and Inertia Research Tracks",Pressure Envelopes and Spherical Equilibrium,,eq:em_sector_summary,\frac{1}{2}\rhoF
SST_CANON-v0.8.31-research-track.tex,7751,"EM, Gravity, Diagnostics, Relativity, and Inertia Research Tracks",Research Claims Retained,,,\eta_I\rhoF\Gamma\pi R^2.
SST_CANON-v0.8.31-research-track.tex,8114,"EM, Gravity, Diagnostics, Relativity, and Inertia Research Tracks",Pressure equivalence lemma,,,"For an incompressible inviscid medium with constant \(\rhoF\),"
SST_CANON-v0.8.31-research-track.tex,8120,"EM, Gravity, Diagnostics, Relativity, and Inertia Research Tracks",Pressure equivalence lemma,,,\rhoF\left(\partial_t u_i + u_j\partial_j u_i\right)
SST_CANON-v0.8.31-research-track.tex,8126,"EM, Gravity, Diagnostics, Relativity, and Inertia Research Tracks",Pressure equivalence lemma,,,\partial_i\partial_j\left(\rhoF u_i u_j\right)
SST_CANON-v0.8.31-research-track.tex,8135,"EM, Gravity, Diagnostics, Relativity, and Inertia Research Tracks",Pressure equivalence lemma,,,"\lambda\,\partial_i\partial_j\left(\rhoF u_i u_j\right)"
SST_CANON-v0.8.31-research-track.tex,8161,"EM, Gravity, Diagnostics, Relativity, and Inertia Research Tracks",No-monopole theorem for smooth compact stress sources,,,"\Sigma_{ij}=\rhoF u_i u_j,"
SST_CANON-v0.8.31-research-track.tex,8208,"EM, Gravity, Diagnostics, Relativity, and Inertia Research Tracks",Equivalence-principle consequence of the density source,,,"\rhoE=\frac{1}{2}\rhoF\lVert\uswirl\rVert^2,"
SST_CANON-v0.8.31-research-track.tex,9144,"EM, Gravity, Diagnostics, Relativity, and Inertia Research Tracks",Einstein dynamics: three candidate routes,Route III: infrared EFT universality.,,\frac{\rho_{\!f}}{\rho_\Lambda}
SST_CANON-v0.8.31-research-track.tex,9155,"EM, Gravity, Diagnostics, Relativity, and Inertia Research Tracks",Einstein dynamics: three candidate routes,Route III: infrared EFT universality.,,status of \(\rho_{\!f}\) in the main text.
SST_CANON-v0.8.31-research-track.tex,9166,"EM, Gravity, Diagnostics, Relativity, and Inertia Research Tracks",Historical Provenance Audit of the Inherited Density Decimal,Source and status.,,"$\rhoF=7.0\times10^{-7}\,\mathrm{kg\,m^{-3}}$.  The source assigned the"
SST_CANON-v0.8.31-research-track.tex,9221,"EM, Gravity, Diagnostics, Relativity, and Inertia Research Tracks",Historical Provenance Audit of the Inherited Density Decimal,Dimensional adjudication.,,not $\tfrac12\rhoF|\boldsymbol\omega|^2$.
SST_CANON-v0.8.31-research-track.tex,9245,"EM, Gravity, Diagnostics, Relativity, and Inertia Research Tracks",Historical Provenance Audit of the Inherited Density Decimal,Canon consequence.,,\rhoF\equiv\rhoEff
SST_CANON-v0.8.31-research-track.tex,9268,"EM, Gravity, Diagnostics, Relativity, and Inertia Research Tracks",Historical Provenance Audit of the Inherited Density Decimal,Cosmological non-confirmation.,,$\mathcal J_{\omega}^{\rm VAM}$ or $\rhoF$.  The separately guarded SSDL
SST_CANON-v0.8.31-research-track.tex,9398,"EM, Gravity, Diagnostics, Relativity, and Inertia Research Tracks",Twist-Rotor Status and Micro--Macro Participation Audit,Participation-gap diagnostic.,,not the calibrated $\rhoF$.  The required scalar participation ratio is
SST_CANON-v0.8.31-research-track.tex,9404,"EM, Gravity, Diagnostics, Relativity, and Inertia Research Tracks",Twist-Rotor Status and Micro--Macro Participation Audit,Participation-gap diagnostic.,,\frac{\rhoF}{\rho_{\rm eff}^{(\rc)}}
SST_CANON-v0.8.31-research-track.tex,9406,"EM, Gravity, Diagnostics, Relativity, and Inertia Research Tracks",Twist-Rotor Status and Micro--Macro Participation Audit,Participation-gap diagnostic.,,\frac{\rhoF}{\pi\rhohorn}
SST_CANON-v0.8.31-research-track.tex,9417,"EM, Gravity, Diagnostics, Relativity, and Inertia Research Tracks",Twist-Rotor Status and Micro--Macro Participation Audit,Participation-gap diagnostic.,,\sqrt{\frac{\mathcal J_{\omega}^{\rm rot}}{\rhoF}}
SST_CANON-v0.8.31-research-track.tex,9452,"EM, Gravity, Diagnostics, Relativity, and Inertia Research Tracks",Twist-Rotor Status and Micro--Macro Participation Audit,Promotion gates.,,A micro--macro derivation of $\rhoF$ may be promoted only if it:
SST_CANON-v0.8.31-research-track.tex,9454,"EM, Gravity, Diagnostics, Relativity, and Inertia Research Tracks",Twist-Rotor Status and Micro--Macro Participation Audit,Promotion gates.,,"\item computes the participation functional without using $\rhoF$,"
SST_CANON-v0.8.31-research-track.tex,9460,"EM, Gravity, Diagnostics, Relativity, and Inertia Research Tracks",Twist-Rotor Status and Micro--Macro Participation Audit,Promotion gates.,,to the target value of $\rhoF$.
SST_CANON-v0.8.31-research-track.tex,9462,"EM, Gravity, Diagnostics, Relativity, and Inertia Research Tracks",Twist-Rotor Status and Micro--Macro Participation Audit,Promotion gates.,,"Until these gates close, $\rhoF$ remains"
SST_CANON-v0.8.31-research-track.tex,9471,"EM, Gravity, Diagnostics, Relativity, and Inertia Research Tracks",Cosmological Impedance Route for the Background Density,Status.,,background density \(\rho_{\!f}\) to a cosmological vacuum input plus a
SST_CANON-v0.8.31-research-track.tex,9472,"EM, Gravity, Diagnostics, Relativity, and Inertia Research Tracks",Cosmological Impedance Route for the Background Density,Status.,,UV--IR impedance lift. It does not promote \(\rho_{\!f}\) out of the
SST_CANON-v0.8.31-research-track.tex,9501,"EM, Gravity, Diagnostics, Relativity, and Inertia Research Tracks",Cosmological Impedance Route for the Background Density,Status.,,\frac{\rho_{\!f}}{\rho_\Lambda}
SST_CANON-v0.8.31-research-track.tex,9513,"EM, Gravity, Diagnostics, Relativity, and Inertia Research Tracks",Cosmological Impedance Route for the Background Density,Status.,,\rho_{\!f}
SST_CANON-v0.8.31-research-track.tex,9521,"EM, Gravity, Diagnostics, Relativity, and Inertia Research Tracks",Cosmological Impedance Route for the Background Density,Status.,,\frac{\rho_{\!f}\ell_P}{r_c\rho_\Lambda}
SST_CANON-v0.8.31-research-track.tex,9528,"EM, Gravity, Diagnostics, Relativity, and Inertia Research Tracks",Cosmological Impedance Route for the Background Density,Status.,,\rho_{\!f}^{(c_s)}
SST_CANON-v0.8.31-research-track.tex,9536,"EM, Gravity, Diagnostics, Relativity, and Inertia Research Tracks",Cosmological Impedance Route for the Background Density,Status.,,\rho_{\!f}^{(\Omega_0)}
SST_CANON-v0.8.31-research-track.tex,9575,"EM, Gravity, Diagnostics, Relativity, and Inertia Research Tracks",Cosmological Impedance Route for the Background Density,Canonical conclusion.,,\(\rho_{\!f}\) as a calibrated effective background density. Promotion to
SST_CANON-v0.8.31-research-track.tex,9593,"EM, Gravity, Diagnostics, Relativity, and Inertia Research Tracks",Separatrix Surface-Density Lift via the Spherical Monopole DtN Sector,Status.,,\(\rho_{\!f}\).
SST_CANON-v0.8.31-research-track.tex,9673,"EM, Gravity, Diagnostics, Relativity, and Inertia Research Tracks",Separatrix Surface-Density Lift via the Spherical Monopole DtN Sector,Monopole projection.,,\rho_{\!f}^{\rm SSDL}
SST_CANON-v0.8.31-research-track.tex,9691,"EM, Gravity, Diagnostics, Relativity, and Inertia Research Tracks",Separatrix Surface-Density Lift via the Spherical Monopole DtN Sector,Electron separatrix candidate.,,\rho_{\!f}^{\rm SSDL}
SST_CANON-v0.8.31-research-track.tex,9708,"EM, Gravity, Diagnostics, Relativity, and Inertia Research Tracks",Separatrix Surface-Density Lift via the Spherical Monopole DtN Sector,Electron separatrix candidate.,,\rho_{\!f}^{\rm SSDL}
SST_CANON-v0.8.31-research-track.tex,9713,"EM, Gravity, Diagnostics, Relativity, and Inertia Research Tracks",Separatrix Surface-Density Lift via the Spherical Monopole DtN Sector,Electron separatrix candidate.,,"\(\rho_{\!f}=7.0\times10^{-7}\,\mathrm{kg\,m^{-3}}\) by"
SST_CANON-v0.8.31-research-track.tex,9715,"EM, Gravity, Diagnostics, Relativity, and Inertia Research Tracks",Separatrix Surface-Density Lift via the Spherical Monopole DtN Sector,Electron separatrix candidate.,,\(\rho_{\!f}\); it is a falsifiable research-track target.
SST_CANON-v0.8.31-research-track.tex,9757,"EM, Gravity, Diagnostics, Relativity, and Inertia Research Tracks",Separatrix Surface-Density Lift via the Spherical Monopole DtN Sector,Algebraic content of the electron lift.,,\frac{\rho_{\!f}^{\rm SSDL}}{\rho_\Lambda}
SST_CANON-v0.8.31-research-track.tex,9793,"EM, Gravity, Diagnostics, Relativity, and Inertia Research Tracks",Separatrix Surface-Density Lift via the Spherical Monopole DtN Sector,Conditional no-go for a dynamical \(\Omega_\Lambda(z)\) closure.,,\(\rho_{\!f}(z)\propto\Omega_\Lambda(z)\) and the background density is not
SST_CANON-v0.8.31-research-track.tex,9799,"EM, Gravity, Diagnostics, Relativity, and Inertia Research Tracks",Separatrix Surface-Density Lift via the Spherical Monopole DtN Sector,Conditional no-go for a dynamical \(\Omega_\Lambda(z)\) closure.,,"\textbf{[DEPENDENCY GUARD]} In the current primitive set, \(\rho_{\!f}\),"
SST_CANON-v0.8.31-research-track.tex,9801,"EM, Gravity, Diagnostics, Relativity, and Inertia Research Tracks",Separatrix Surface-Density Lift via the Spherical Monopole DtN Sector,Conditional no-go for a dynamical \(\Omega_\Lambda(z)\) closure.,,independent calibration entries.  A hypothetical change in \(\rho_{\!f}\)
SST_CANON-v0.8.31-research-track.tex,9803,"EM, Gravity, Diagnostics, Relativity, and Inertia Research Tracks",Separatrix Surface-Density Lift via the Spherical Monopole DtN Sector,Conditional no-go for a dynamical \(\Omega_\Lambda(z)\) closure.,,"\(\rho_{\!f}\)-dependent amplitudes, but does not by itself change"
SST_CANON-v0.8.31-research-track.tex,9811,"EM, Gravity, Diagnostics, Relativity, and Inertia Research Tracks",Separatrix Surface-Density Lift via the Spherical Monopole DtN Sector,Precision and covariance guard.,,\rho_{\!f}^{\rm SSDL}
SST_CANON-v0.8.31-research-track.tex,9844,"EM, Gravity, Diagnostics, Relativity, and Inertia Research Tracks",Separatrix Surface-Density Lift via the Spherical Monopole DtN Sector,Normal-resolution normalization guard.,,\rho_{\!f}^{\rm SSDL}
SST_CANON-v0.8.31-research-track.tex,9851,"EM, Gravity, Diagnostics, Relativity, and Inertia Research Tracks",Separatrix Surface-Density Lift via the Spherical Monopole DtN Sector,Normal-resolution normalization guard.,,associated cutoff convention without fitting \(\rho_{\!f}\).
SST_CANON-v0.8.31-research-track.tex,10300,"EM, Gravity, Diagnostics, Relativity, and Inertia Research Tracks",Research Track: Minimal Relational Link--Field Action,,,\rhoF
SST_CANON-v0.8.31-research-track.tex,10308,"EM, Gravity, Diagnostics, Relativity, and Inertia Research Tracks",Research Track: Minimal Relational Link--Field Action,,,\frac{K_\gamma}{\rhoF}
SST_CANON-v0.8.31-research-track.tex,10441,"EM, Gravity, Diagnostics, Relativity, and Inertia Research Tracks",Research Track: Minimal Relational Link--Field Action,Calibrated mapping as a separate mode.,,"(\rhoF,\Gamma_0,\rc),"
SST_CANON-v0.8.31-research-track.tex,10609,"EM, Gravity, Diagnostics, Relativity, and Inertia Research Tracks",Research Track: Core--Torsion Impedance Matching for Inertia Closure,,,\frac12\rhoF\lVert\partial_t\mathbf A\rVert^2
SST_CANON-v0.8.31-research-track.tex,10615,"EM, Gravity, Diagnostics, Relativity, and Inertia Research Tracks",Research Track: Core--Torsion Impedance Matching for Inertia Closure,,,c_T^2=\frac{K_T}{\rhoF}.
SST_CANON-v0.8.31-research-track.tex,10628,"EM, Gravity, Diagnostics, Relativity, and Inertia Research Tracks",Research Track: Core--Torsion Impedance Matching for Inertia Closure,,,\rhoF c^2
SST_CANON-v0.8.31-research-track.tex,10638,"EM, Gravity, Diagnostics, Relativity, and Inertia Research Tracks",Research Track: Core--Torsion Impedance Matching for Inertia Closure,,,"Z_T=\rhoF c_T=\sqrt{\rhoF K_T},"
SST_CANON-v0.8.31-research-track.tex,10769,"EM, Gravity, Diagnostics, Relativity, and Inertia Research Tracks",Research Track: Core--Torsion Impedance Matching for Inertia Closure,Structural correspondence.,,[\rhoF\mathbf v\times\boldsymbol{\omega}]
SST_CANON-v0.8.31-research-track.tex,10779,"EM, Gravity, Diagnostics, Relativity, and Inertia Research Tracks",Research Track: Core--Torsion Impedance Matching for Inertia Closure,Structural correspondence.,,\rhoF\mathbf v\times\boldsymbol{\omega}.
SST_CANON-v0.8.31-research-track.tex,10806,"EM, Gravity, Diagnostics, Relativity, and Inertia Research Tracks",Research Track: Core--Torsion Impedance Matching for Inertia Closure,Relation to the canonical flux-impulse channel.,,\rhoF\mathbf v\times\boldsymbol{\omega}
SST_CANON-v0.8.31-research-track.tex,10844,"EM, Gravity, Diagnostics, Relativity, and Inertia Research Tracks",Research Track: Core--Torsion Impedance Matching for Inertia Closure,Stress closure and SST-44 tensor.,,\rhoF v_i v_j
SST_CANON-v0.8.31-research-track.tex,10846,"EM, Gravity, Diagnostics, Relativity, and Inertia Research Tracks",Research Track: Core--Torsion Impedance Matching for Inertia Closure,Stress closure and SST-44 tensor.,,\rhoF \rc^2
SST_CANON-v0.8.31-research-track.tex,10851,"EM, Gravity, Diagnostics, Relativity, and Inertia Research Tracks",Research Track: Core--Torsion Impedance Matching for Inertia Closure,Stress closure and SST-44 tensor.,,\delta_{ij}\frac12\rhoF|\mathbf v|^2 .
SST_CANON-v0.8.31-research-track.tex,10855,"EM, Gravity, Diagnostics, Relativity, and Inertia Research Tracks",Research Track: Core--Torsion Impedance Matching for Inertia Closure,Stress closure and SST-44 tensor.,,"-\delta_{ij}\frac12\rhoF|\mathbf v|^2,"
SST_CANON-v0.8.31-research-track.tex,10862,"EM, Gravity, Diagnostics, Relativity, and Inertia Research Tracks",Research Track: Core--Torsion Impedance Matching for Inertia Closure,Stress closure and SST-44 tensor.,,\frac12\rhoF|\mathbf v|^2 .
SST_CANON-v0.8.31-research-track.tex,10893,"EM, Gravity, Diagnostics, Relativity, and Inertia Research Tracks",Research Track: Core--Torsion Impedance Matching for Inertia Closure,Two admissible decompositions.,,\rhoF\mathbf v\mathbf v
SST_CANON-v0.8.31-research-track.tex,10895,"EM, Gravity, Diagnostics, Relativity, and Inertia Research Tracks",Research Track: Core--Torsion Impedance Matching for Inertia Closure,Two admissible decompositions.,,\rhoF\rc^2
SST_CANON-v0.8.31-research-track.tex,10989,"EM, Gravity, Diagnostics, Relativity, and Inertia Research Tracks",Research Track: Taylor-Column Analogues for Finite-Thickness Swirl Strings,,,\providecommand{\rhoF}{\rho_{\!f}}
SST_CANON-v0.8.31-research-track.tex,11168,"EM, Gravity, Diagnostics, Relativity, and Inertia Research Tracks",Research Track: Taylor-Column Analogues for Finite-Thickness Swirl Strings,Dimensional check.,,"E_{\rm out}=\frac{1}{3}\pi\rho_{\!f}a^3U^2,"
SST_CANON-v0.8.31-research-track.tex,11170,"EM, Gravity, Diagnostics, Relativity, and Inertia Research Tracks",Research Track: Taylor-Column Analogues for Finite-Thickness Swirl Strings,Dimensional check.,,E_{\rm in}=\frac{23}{21}\pi\rho_{\!f}a^3U^2.
SST_CANON-v0.8.31-research-track.tex,11176,"EM, Gravity, Diagnostics, Relativity, and Inertia Research Tracks",Research Track: Taylor-Column Analogues for Finite-Thickness Swirl Strings,Dimensional check.,,=\frac{10}{7}\pi\rho_{\!f}a^3U^2.
SST_CANON-v0.8.31-research-track.tex,11186,"EM, Gravity, Diagnostics, Relativity, and Inertia Research Tracks",Research Track: Taylor-Column Analogues for Finite-Thickness Swirl Strings,"Numerical reference for \(U=1\,\mathrm{m\,s^{-1",,"\rho_{\!f}=7.0\times10^{-7}\,\mathrm{kg\,m^{-3}},"
SST_CANON-v0.8.31-research-track.tex,11207,"EM, Gravity, Diagnostics, Relativity, and Inertia Research Tracks",Research Track: Taylor-Column Analogues for Finite-Thickness Swirl Strings,"Numerical reference for \(U=1\,\mathrm{m\,s^{-1",,\frac{1}{\rho_{\!f}}\frac{\partial p}{\partial r}
SST_CANON-v0.8.31-research-track.tex,11212,"EM, Gravity, Diagnostics, Relativity, and Inertia Research Tracks",Research Track: Taylor-Column Analogues for Finite-Thickness Swirl Strings,"Numerical reference for \(U=1\,\mathrm{m\,s^{-1",,"p(0,z)=p(R,z)-\frac{1}{2}\rho_{\!f}\Omega(z)^2R^2."
SST_CANON-v0.8.31-research-track.tex,11219,"EM, Gravity, Diagnostics, Relativity, and Inertia Research Tracks",Research Track: Taylor-Column Analogues for Finite-Thickness Swirl Strings,"Numerical reference for \(U=1\,\mathrm{m\,s^{-1",,=\frac{1}{2}\rho_{\!f}R^2
SST_CANON-v0.8.31-research-track.tex,11234,"EM, Gravity, Diagnostics, Relativity, and Inertia Research Tracks",Research Track: Taylor-Column Analogues for Finite-Thickness Swirl Strings,Dimensional check.,,[\rho_{\!f}R^2\partial_z\Omega^2]
